dataset_group,fold,evaluation,dataset,classifier,Macro_F1,Accuracy,Precision_macro,Recall_macro,ROC_AUC,inner_fold
covid,1,train_real_test_real_cv,Real,CatBoost,0.5129802699896158,0.6865671641791045,0.5202922077922079,0.5153186274509804,0.5,
covid,1,train_real_test_real_cv,Real,XGBoost,0.4273504273504274,0.6417910447761194,0.4184210526315789,0.4430147058823529,0.47058823529411764,
covid,1,train_synthetic_test_real_cv,Standard_CTGAN,CatBoost,0.46659743856005537,0.6567164179104478,0.46590909090909094,0.4742647058823529,0.4185049019607843,
covid,1,train_synthetic_test_real_cv,Standard_CTGAN,XGBoost,0.41307277628032346,0.6119402985074627,0.40530303030303033,0.42340686274509803,0.47671568627450983,
covid,1,synthetic_only_internal_cv,Standard_CTGAN,CatBoost,0.45454545454545453,0.5370370370370371,0.45872420262664165,0.4676470588235294,0.43529411764705883,1.0
covid,1,synthetic_only_internal_cv,Standard_CTGAN,XGBoost,0.38919145370758274,0.5,0.38160676532769555,0.4176470588235294,0.41617647058823526,1.0
covid,1,synthetic_only_internal_cv,Standard_CTGAN,CatBoost,0.4344365312107248,0.5370370370370371,0.43452380952380953,0.4503759398496241,0.40601503759398494,2.0
covid,1,synthetic_only_internal_cv,Standard_CTGAN,XGBoost,0.45454545454545453,0.5370370370370371,0.45535714285714285,0.462406015037594,0.41804511278195483,2.0
covid,1,synthetic_only_internal_cv,Standard_CTGAN,CatBoost,0.5523648648648649,0.6226415094339622,0.5682692307692307,0.554953560371517,0.6176470588235294,3.0
covid,1,synthetic_only_internal_cv,Standard_CTGAN,XGBoost,0.552112676056338,0.6037735849056604,0.5565878378378378,0.5518575851393189,0.5572755417956656,3.0
covid,1,synthetic_only_internal_cv,Standard_CTGAN,CatBoost,0.4756989247311828,0.5660377358490566,0.483739837398374,0.4876160990712074,0.456656346749226,4.0
covid,1,synthetic_only_internal_cv,Standard_CTGAN,XGBoost,0.5146520146520146,0.6226415094339622,0.5517676767676767,0.5317337461300309,0.4520123839009288,4.0
covid,1,synthetic_only_internal_cv,Standard_CTGAN,CatBoost,0.5669934640522876,0.6226415094339622,0.5754385964912281,0.56656346749226,0.5170278637770898,5.0
covid,1,synthetic_only_internal_cv,Standard_CTGAN,XGBoost,0.5373015873015873,0.5849056603773585,0.5392156862745098,0.5371517027863777,0.5820433436532508,5.0
covid,1,train_synthetic_test_real_cv,SepAware_VariedGrid_Best,CatBoost,0.5778577857785778,0.6865671641791045,0.5764705882352942,0.579656862745098,0.6004901960784313,
covid,1,train_synthetic_test_real_cv,SepAware_VariedGrid_Best,XGBoost,0.48461538461538467,0.6417910447761194,0.4845013477088949,0.48590686274509803,0.5661764705882353,
covid,1,synthetic_only_internal_cv,SepAware_VariedGrid_Best,CatBoost,0.640920716112532,0.7592592592592593,0.6777777777777778,0.6285714285714286,0.8482142857142857,1.0
covid,1,synthetic_only_internal_cv,SepAware_VariedGrid_Best,XGBoost,0.7137349397590362,0.7962962962962963,0.7367864693446089,0.7,0.8589285714285715,1.0
covid,1,synthetic_only_internal_cv,SepAware_VariedGrid_Best,CatBoost,0.7230769230769231,0.7777777777777778,0.7154605263157895,0.7339285714285715,0.8410714285714286,2.0
covid,1,synthetic_only_internal_cv,SepAware_VariedGrid_Best,XGBoost,0.7107142857142856,0.7777777777777778,0.7107142857142856,0.7107142857142856,0.8285714285714285,2.0
covid,1,synthetic_only_internal_cv,SepAware_VariedGrid_Best,CatBoost,0.7314189189189189,0.7735849056603774,0.7190402476780186,0.7721153846153846,0.826923076923077,3.0
covid,1,synthetic_only_internal_cv,SepAware_VariedGrid_Best,XGBoost,0.7314189189189189,0.7735849056603774,0.7190402476780186,0.7721153846153846,0.8288461538461539,3.0
covid,1,synthetic_only_internal_cv,SepAware_VariedGrid_Best,CatBoost,0.7705627705627706,0.8490566037735849,0.8207070707070707,0.7442307692307693,0.925,4.0
covid,1,synthetic_only_internal_cv,SepAware_VariedGrid_Best,XGBoost,0.750130958617077,0.8301886792452831,0.7802325581395348,0.7317307692307693,0.9096153846153846,4.0
covid,1,synthetic_only_internal_cv,SepAware_VariedGrid_Best,CatBoost,0.6918604651162791,0.8113207547169812,0.7701863354037267,0.6673076923076923,0.851923076923077,5.0
covid,1,synthetic_only_internal_cv,SepAware_VariedGrid_Best,XGBoost,0.6558441558441558,0.7735849056603774,0.6868686868686869,0.6423076923076924,0.8634615384615385,5.0
covid,1,train_synthetic_test_real_cv,Fixed_Realism_only_sep0.0_anchor0.0,CatBoost,0.5298245614035088,0.7611940298507462,0.6388888888888888,0.5428921568627452,0.5955882352941176,
covid,1,train_synthetic_test_real_cv,Fixed_Realism_only_sep0.0_anchor0.0,XGBoost,0.40707964601769914,0.6865671641791045,0.3709677419354839,0.45098039215686275,0.4522058823529412,
covid,1,synthetic_only_internal_cv,Fixed_Realism_only_sep0.0_anchor0.0,CatBoost,0.46428571428571425,0.6296296296296297,0.4636363636363636,0.4714285714285714,0.5946428571428573,1.0
covid,1,synthetic_only_internal_cv,Fixed_Realism_only_sep0.0_anchor0.0,XGBoost,0.4199488491048593,0.6111111111111112,0.4111111111111111,0.4357142857142857,0.5303571428571429,1.0
covid,1,synthetic_only_internal_cv,Fixed_Realism_only_sep0.0_anchor0.0,CatBoost,0.41304347826086957,0.7037037037037037,0.36538461538461536,0.475,0.5839285714285714,2.0
covid,1,synthetic_only_internal_cv,Fixed_Realism_only_sep0.0_anchor0.0,XGBoost,0.4065934065934066,0.6851851851851852,0.3627450980392157,0.4625,0.5446428571428572,2.0
covid,1,synthetic_only_internal_cv,Fixed_Realism_only_sep0.0_anchor0.0,CatBoost,0.4111111111111111,0.6981132075471698,0.37,0.4625,0.4384615384615385,3.0
covid,1,synthetic_only_internal_cv,Fixed_Realism_only_sep0.0_anchor0.0,XGBoost,0.3977272727272727,0.660377358490566,0.3645833333333333,0.4375,0.45384615384615384,3.0
covid,1,synthetic_only_internal_cv,Fixed_Realism_only_sep0.0_anchor0.0,CatBoost,0.45493042952208107,0.6792452830188679,0.4556737588652482,0.47596153846153844,0.43269230769230776,4.0
covid,1,synthetic_only_internal_cv,Fixed_Realism_only_sep0.0_anchor0.0,XGBoost,0.5190562613430127,0.7169811320754716,0.549645390070922,0.5269230769230769,0.49423076923076925,4.0
covid,1,synthetic_only_internal_cv,Fixed_Realism_only_sep0.0_anchor0.0,CatBoost,0.5583333333333333,0.7735849056603774,0.7233333333333334,0.5644230769230769,0.6615384615384615,5.0
covid,1,synthetic_only_internal_cv,Fixed_Realism_only_sep0.0_anchor0.0,XGBoost,0.4175824175824176,0.7169811320754716,0.37254901960784315,0.475,0.7173076923076922,5.0
covid,1,train_synthetic_test_real_cv,Fixed_Sep_low_sep0.25_anchor0.0,CatBoost,0.40707964601769914,0.6865671641791045,0.3709677419354839,0.45098039215686275,0.5159313725490196,
covid,1,train_synthetic_test_real_cv,Fixed_Sep_low_sep0.25_anchor0.0,XGBoost,0.41228070175438597,0.7014925373134329,0.373015873015873,0.46078431372549017,0.5,
covid,1,synthetic_only_internal_cv,Fixed_Sep_low_sep0.25_anchor0.0,CatBoost,0.5433403805496828,0.7037037037037037,0.5679347826086957,0.5446428571428571,0.6285714285714286,1.0
covid,1,synthetic_only_internal_cv,Fixed_Sep_low_sep0.25_anchor0.0,XGBoost,0.5704545454545454,0.7407407407407407,0.6354166666666667,0.5696428571428571,0.6821428571428572,1.0
covid,1,synthetic_only_internal_cv,Fixed_Sep_low_sep0.25_anchor0.0,CatBoost,0.4477272727272727,0.6666666666666666,0.44791666666666663,0.4732142857142857,0.5642857142857143,2.0
covid,1,synthetic_only_internal_cv,Fixed_Sep_low_sep0.25_anchor0.0,XGBoost,0.5856777493606138,0.7222222222222222,0.6111111111111112,0.5803571428571428,0.6375,2.0
covid,1,synthetic_only_internal_cv,Fixed_Sep_low_sep0.25_anchor0.0,CatBoost,0.4952380952380952,0.7547169811320755,0.6323529411764706,0.5259615384615385,0.673076923076923,3.0
covid,1,synthetic_only_internal_cv,Fixed_Sep_low_sep0.25_anchor0.0,XGBoost,0.5446133509583608,0.7547169811320755,0.6377551020408163,0.551923076923077,0.6192307692307691,3.0
covid,1,synthetic_only_internal_cv,Fixed_Sep_low_sep0.25_anchor0.0,CatBoost,0.39802469135802465,0.5660377358490566,0.3953252032520325,0.4009615384615385,0.5692307692307692,4.0
covid,1,synthetic_only_internal_cv,Fixed_Sep_low_sep0.25_anchor0.0,XGBoost,0.5212903225806451,0.6037735849056604,0.5246031746031746,0.5298076923076923,0.6288461538461538,4.0
covid,1,synthetic_only_internal_cv,Fixed_Sep_low_sep0.25_anchor0.0,CatBoost,0.5190562613430127,0.7169811320754716,0.549645390070922,0.5269230769230769,0.5788461538461539,5.0
covid,1,synthetic_only_internal_cv,Fixed_Sep_low_sep0.25_anchor0.0,XGBoost,0.5411255411255411,0.6981132075471698,0.553030303030303,0.5403846153846154,0.6326923076923077,5.0
covid,1,train_synthetic_test_real_cv,Fixed_Sep_medium_sep0.5_anchor0.0,CatBoost,0.4017857142857143,0.6716417910447762,0.36885245901639346,0.4411764705882353,0.5073529411764706,
covid,1,train_synthetic_test_real_cv,Fixed_Sep_medium_sep0.5_anchor0.0,XGBoost,0.46659743856005537,0.6567164179104478,0.46590909090909094,0.4742647058823529,0.5367647058823529,
covid,1,synthetic_only_internal_cv,Fixed_Sep_medium_sep0.5_anchor0.0,CatBoost,0.6625,0.7407407407407407,0.6625,0.6625,0.75,1.0
covid,1,synthetic_only_internal_cv,Fixed_Sep_medium_sep0.5_anchor0.0,XGBoost,0.5090909090909091,0.7037037037037037,0.5416666666666666,0.5214285714285715,0.7196428571428571,1.0
covid,1,synthetic_only_internal_cv,Fixed_Sep_medium_sep0.5_anchor0.0,CatBoost,0.5714285714285714,0.7037037037037037,0.5863636363636364,0.5678571428571428,0.7035714285714285,2.0
covid,1,synthetic_only_internal_cv,Fixed_Sep_medium_sep0.5_anchor0.0,XGBoost,0.5856777493606138,0.7222222222222222,0.6111111111111112,0.5803571428571428,0.7160714285714285,2.0
covid,1,synthetic_only_internal_cv,Fixed_Sep_medium_sep0.5_anchor0.0,CatBoost,0.7132034632034632,0.8113207547169812,0.7537878787878788,0.6932692307692307,0.8442307692307692,3.0
covid,1,synthetic_only_internal_cv,Fixed_Sep_medium_sep0.5_anchor0.0,XGBoost,0.7306910569105691,0.8113207547169812,0.7467532467532467,0.7192307692307692,0.8346153846153846,3.0
covid,1,synthetic_only_internal_cv,Fixed_Sep_medium_sep0.5_anchor0.0,CatBoost,0.3764705882352941,0.6037735849056604,0.35555555555555557,0.4,0.48461538461538467,4.0
covid,1,synthetic_only_internal_cv,Fixed_Sep_medium_sep0.5_anchor0.0,XGBoost,0.38372093023255816,0.6226415094339622,0.358695652173913,0.4125,0.4673076923076923,4.0
covid,1,synthetic_only_internal_cv,Fixed_Sep_medium_sep0.5_anchor0.0,CatBoost,0.5686046511627907,0.7358490566037735,0.6055900621118012,0.5653846153846154,0.6903846153846154,5.0
covid,1,synthetic_only_internal_cv,Fixed_Sep_medium_sep0.5_anchor0.0,XGBoost,0.5546218487394958,0.7169811320754716,0.5763888888888888,0.5528846153846154,0.7557692307692307,5.0
covid,1,train_synthetic_test_real_cv,Fixed_Sep_high_sep1.0_anchor0.0,CatBoost,0.5778577857785778,0.6865671641791045,0.5764705882352942,0.579656862745098,0.6004901960784313,
covid,1,train_synthetic_test_real_cv,Fixed_Sep_high_sep1.0_anchor0.0,XGBoost,0.48461538461538467,0.6417910447761194,0.4845013477088949,0.48590686274509803,0.5661764705882353,
covid,1,synthetic_only_internal_cv,Fixed_Sep_high_sep1.0_anchor0.0,CatBoost,0.640920716112532,0.7592592592592593,0.6777777777777778,0.6285714285714286,0.8482142857142857,1.0
covid,1,synthetic_only_internal_cv,Fixed_Sep_high_sep1.0_anchor0.0,XGBoost,0.7137349397590362,0.7962962962962963,0.7367864693446089,0.7,0.8589285714285715,1.0
covid,1,synthetic_only_internal_cv,Fixed_Sep_high_sep1.0_anchor0.0,CatBoost,0.7230769230769231,0.7777777777777778,0.7154605263157895,0.7339285714285715,0.8410714285714286,2.0
covid,1,synthetic_only_internal_cv,Fixed_Sep_high_sep1.0_anchor0.0,XGBoost,0.7107142857142856,0.7777777777777778,0.7107142857142856,0.7107142857142856,0.8285714285714285,2.0
covid,1,synthetic_only_internal_cv,Fixed_Sep_high_sep1.0_anchor0.0,CatBoost,0.7314189189189189,0.7735849056603774,0.7190402476780186,0.7721153846153846,0.826923076923077,3.0
covid,1,synthetic_only_internal_cv,Fixed_Sep_high_sep1.0_anchor0.0,XGBoost,0.7314189189189189,0.7735849056603774,0.7190402476780186,0.7721153846153846,0.8288461538461539,3.0
covid,1,synthetic_only_internal_cv,Fixed_Sep_high_sep1.0_anchor0.0,CatBoost,0.7705627705627706,0.8490566037735849,0.8207070707070707,0.7442307692307693,0.925,4.0
covid,1,synthetic_only_internal_cv,Fixed_Sep_high_sep1.0_anchor0.0,XGBoost,0.750130958617077,0.8301886792452831,0.7802325581395348,0.7317307692307693,0.9096153846153846,4.0
covid,1,synthetic_only_internal_cv,Fixed_Sep_high_sep1.0_anchor0.0,CatBoost,0.6918604651162791,0.8113207547169812,0.7701863354037267,0.6673076923076923,0.851923076923077,5.0
covid,1,synthetic_only_internal_cv,Fixed_Sep_high_sep1.0_anchor0.0,XGBoost,0.6558441558441558,0.7735849056603774,0.6868686868686869,0.6423076923076924,0.8634615384615385,5.0
covid,1,train_synthetic_test_real_cv,Fixed_Anchor_low_sep0.0_anchor0.25,CatBoost,0.5298245614035088,0.7611940298507462,0.6388888888888888,0.5428921568627452,0.5318627450980392,
covid,1,train_synthetic_test_real_cv,Fixed_Anchor_low_sep0.0_anchor0.25,XGBoost,0.4635482511588706,0.7164179104477612,0.4790322580645161,0.49203431372549017,0.5490196078431373,
covid,1,synthetic_only_internal_cv,Fixed_Anchor_low_sep0.0_anchor0.25,CatBoost,0.4291754756871036,0.6296296296296297,0.421195652173913,0.4482142857142857,0.4946428571428572,1.0
covid,1,synthetic_only_internal_cv,Fixed_Anchor_low_sep0.0_anchor0.25,XGBoost,0.4934333958724203,0.6296296296296297,0.49404761904761907,0.49464285714285716,0.4589285714285714,1.0
covid,1,synthetic_only_internal_cv,Fixed_Anchor_low_sep0.0_anchor0.25,CatBoost,0.43842364532019706,0.6481481481481481,0.43313069908814594,0.4607142857142857,0.5366071428571428,2.0
covid,1,synthetic_only_internal_cv,Fixed_Anchor_low_sep0.0_anchor0.25,XGBoost,0.4477272727272727,0.6666666666666666,0.44791666666666663,0.4732142857142857,0.49196428571428574,2.0
covid,1,synthetic_only_internal_cv,Fixed_Anchor_low_sep0.0_anchor0.25,CatBoost,0.4847222222222222,0.7358490566037735,0.5466666666666666,0.5134615384615384,0.5307692307692308,3.0
covid,1,synthetic_only_internal_cv,Fixed_Anchor_low_sep0.0_anchor0.25,XGBoost,0.42391304347826086,0.7358490566037735,0.375,0.4875,0.49230769230769234,3.0
covid,1,synthetic_only_internal_cv,Fixed_Anchor_low_sep0.0_anchor0.25,CatBoost,0.4358543417366947,0.6415094339622641,0.42916666666666664,0.4509615384615384,0.5653846153846154,4.0
covid,1,synthetic_only_internal_cv,Fixed_Anchor_low_sep0.0_anchor0.25,XGBoost,0.45493042952208107,0.6792452830188679,0.4556737588652482,0.47596153846153844,0.6153846153846154,4.0
covid,1,synthetic_only_internal_cv,Fixed_Anchor_low_sep0.0_anchor0.25,CatBoost,0.5546218487394958,0.7169811320754716,0.5763888888888888,0.5528846153846154,0.6942307692307692,5.0
covid,1,synthetic_only_internal_cv,Fixed_Anchor_low_sep0.0_anchor0.25,XGBoost,0.5190562613430127,0.7169811320754716,0.549645390070922,0.5269230769230769,0.6807692307692308,5.0
covid,1,train_synthetic_test_real_cv,Fixed_Anchor_medium_sep0.0_anchor0.5,CatBoost,0.5227920227920227,0.7014925373134329,0.5359649122807018,0.5251225490196079,0.5208333333333334,
covid,1,train_synthetic_test_real_cv,Fixed_Anchor_medium_sep0.0_anchor0.5,XGBoost,0.4582210242587601,0.6417910447761194,0.45606060606060606,0.4644607843137255,0.5526960784313726,
covid,1,synthetic_only_internal_cv,Fixed_Anchor_medium_sep0.0_anchor0.5,CatBoost,0.4477272727272727,0.6666666666666666,0.44791666666666663,0.4732142857142857,0.5375,1.0
covid,1,synthetic_only_internal_cv,Fixed_Anchor_medium_sep0.0_anchor0.5,XGBoost,0.5433403805496828,0.7037037037037037,0.5679347826086957,0.5446428571428571,0.6267857142857143,1.0
covid,1,synthetic_only_internal_cv,Fixed_Anchor_medium_sep0.0_anchor0.5,CatBoost,0.4477272727272727,0.6666666666666666,0.44791666666666663,0.4732142857142857,0.5482142857142857,2.0
covid,1,synthetic_only_internal_cv,Fixed_Anchor_medium_sep0.0_anchor0.5,XGBoost,0.39325842696629215,0.6481481481481481,0.35714285714285715,0.4375,0.4571428571428572,2.0
covid,1,synthetic_only_internal_cv,Fixed_Anchor_medium_sep0.0_anchor0.5,CatBoost,0.39080459770114945,0.6415094339622641,0.3617021276595745,0.425,0.4519230769230769,3.0
covid,1,synthetic_only_internal_cv,Fixed_Anchor_medium_sep0.0_anchor0.5,XGBoost,0.3977272727272727,0.660377358490566,0.3645833333333333,0.4375,0.49615384615384617,3.0
covid,1,synthetic_only_internal_cv,Fixed_Anchor_medium_sep0.0_anchor0.5,CatBoost,0.4453488372093023,0.660377358490566,0.4409937888198757,0.4634615384615385,0.5461538461538462,4.0
covid,1,synthetic_only_internal_cv,Fixed_Anchor_medium_sep0.0_anchor0.5,XGBoost,0.39080459770114945,0.6415094339622641,0.3617021276595745,0.425,0.4634615384615385,4.0
covid,1,synthetic_only_internal_cv,Fixed_Anchor_medium_sep0.0_anchor0.5,CatBoost,0.5315656565656566,0.7358490566037735,0.5854166666666667,0.539423076923077,0.49807692307692314,5.0
covid,1,synthetic_only_internal_cv,Fixed_Anchor_medium_sep0.0_anchor0.5,XGBoost,0.4044943820224719,0.6792452830188679,0.3673469387755102,0.45,0.5576923076923077,5.0
covid,1,train_synthetic_test_real_cv,Fixed_Balanced_low_sep0.25_anchor0.25,CatBoost,0.4017857142857143,0.6716417910447762,0.36885245901639346,0.4411764705882353,0.5416666666666667,
covid,1,train_synthetic_test_real_cv,Fixed_Balanced_low_sep0.25_anchor0.25,XGBoost,0.4344954128440367,0.6567164179104478,0.4262452107279694,0.4528186274509804,0.5343137254901961,
covid,1,synthetic_only_internal_cv,Fixed_Balanced_low_sep0.25_anchor0.25,CatBoost,0.5055421686746988,0.6481481481481481,0.5084566596194503,0.5071428571428571,0.6107142857142858,1.0
covid,1,synthetic_only_internal_cv,Fixed_Balanced_low_sep0.25_anchor0.25,XGBoost,0.5304347826086957,0.6851851851851852,0.5444444444444444,0.5321428571428571,0.5892857142857143,1.0
covid,1,synthetic_only_internal_cv,Fixed_Balanced_low_sep0.25_anchor0.25,CatBoost,0.4571259609698403,0.6851851851851852,0.46734693877551026,0.4857142857142857,0.5446428571428571,2.0
covid,1,synthetic_only_internal_cv,Fixed_Balanced_low_sep0.25_anchor0.25,XGBoost,0.5209934949733885,0.7222222222222222,0.5775510204081633,0.5339285714285714,0.5946428571428571,2.0
covid,1,synthetic_only_internal_cv,Fixed_Balanced_low_sep0.25_anchor0.25,CatBoost,0.4745538664904164,0.7169811320754716,0.5025510204081632,0.5009615384615385,0.5442307692307693,3.0
covid,1,synthetic_only_internal_cv,Fixed_Balanced_low_sep0.25_anchor0.25,XGBoost,0.5280251440544788,0.6792452830188679,0.5337209302325582,0.5278846153846154,0.5653846153846154,3.0
covid,1,synthetic_only_internal_cv,Fixed_Balanced_low_sep0.25_anchor0.25,CatBoost,0.5190562613430127,0.7169811320754716,0.549645390070922,0.5269230769230769,0.6826923076923077,4.0
covid,1,synthetic_only_internal_cv,Fixed_Balanced_low_sep0.25_anchor0.25,XGBoost,0.5546218487394958,0.7169811320754716,0.5763888888888888,0.5528846153846154,0.6673076923076924,4.0
covid,1,synthetic_only_internal_cv,Fixed_Balanced_low_sep0.25_anchor0.25,CatBoost,0.5831820931639443,0.7547169811320755,0.6436170212765957,0.5778846153846154,0.6576923076923077,5.0
covid,1,synthetic_only_internal_cv,Fixed_Balanced_low_sep0.25_anchor0.25,XGBoost,0.49523809523809526,0.6792452830188679,0.5027777777777778,0.5019230769230769,0.6326923076923077,5.0
covid,1,train_synthetic_test_real_cv,Fixed_Balanced_medium_sep0.5_anchor0.25,CatBoost,0.47507122507122507,0.6716417910447762,0.4771929824561404,0.4840686274509804,0.5575980392156863,
covid,1,train_synthetic_test_real_cv,Fixed_Balanced_medium_sep0.5_anchor0.25,XGBoost,0.5485175202156334,0.7014925373134329,0.5575757575757576,0.5465686274509804,0.5906862745098039,
covid,1,synthetic_only_internal_cv,Fixed_Balanced_medium_sep0.5_anchor0.25,CatBoost,0.6096385542168674,0.7222222222222222,0.6226215644820295,0.6035714285714285,0.7446428571428572,1.0
covid,1,synthetic_only_internal_cv,Fixed_Balanced_medium_sep0.5_anchor0.25,XGBoost,0.5521606285464863,0.6481481481481481,0.5512820512820513,0.5535714285714286,0.6857142857142856,1.0
covid,1,synthetic_only_internal_cv,Fixed_Balanced_medium_sep0.5_anchor0.25,CatBoost,0.5566502463054187,0.7222222222222222,0.5972644376899696,0.5571428571428572,0.6392857142857143,2.0
covid,1,synthetic_only_internal_cv,Fixed_Balanced_medium_sep0.5_anchor0.25,XGBoost,0.625,0.7407407407407407,0.6477272727272727,0.6160714285714286,0.6919642857142858,2.0
covid,1,synthetic_only_internal_cv,Fixed_Balanced_medium_sep0.5_anchor0.25,CatBoost,0.647307924984876,0.7924528301886793,0.7375886524822695,0.6288461538461538,0.8461538461538461,3.0
covid,1,synthetic_only_internal_cv,Fixed_Balanced_medium_sep0.5_anchor0.25,XGBoost,0.5835515976951283,0.7169811320754716,0.5953488372093023,0.5788461538461538,0.7365384615384616,3.0
covid,1,synthetic_only_internal_cv,Fixed_Balanced_medium_sep0.5_anchor0.25,CatBoost,0.6558441558441558,0.7735849056603774,0.6868686868686869,0.6423076923076924,0.7115384615384617,4.0
covid,1,synthetic_only_internal_cv,Fixed_Balanced_medium_sep0.5_anchor0.25,XGBoost,0.48376623376623373,0.660377358490566,0.4861111111111111,0.4894230769230769,0.5903846153846154,4.0
covid,1,synthetic_only_internal_cv,Fixed_Balanced_medium_sep0.5_anchor0.25,CatBoost,0.5446133509583608,0.7547169811320755,0.6377551020408163,0.551923076923077,0.7211538461538461,5.0
covid,1,synthetic_only_internal_cv,Fixed_Balanced_medium_sep0.5_anchor0.25,XGBoost,0.5069767441860465,0.6981132075471698,0.5232919254658386,0.5144230769230769,0.6711538461538462,5.0
covid,1,train_synthetic_test_real_cv,Fixed_Balanced_high_sep1.0_anchor0.5,CatBoost,0.5778577857785778,0.6865671641791045,0.5764705882352942,0.579656862745098,0.6017156862745099,
covid,1,train_synthetic_test_real_cv,Fixed_Balanced_high_sep1.0_anchor0.5,XGBoost,0.5270588235294118,0.6417910447761194,0.5266439909297052,0.5287990196078431,0.5863970588235294,
covid,1,synthetic_only_internal_cv,Fixed_Balanced_high_sep1.0_anchor0.5,CatBoost,0.6961636828644502,0.7962962962962963,0.7444444444444445,0.6767857142857143,0.8535714285714285,1.0
covid,1,synthetic_only_internal_cv,Fixed_Balanced_high_sep1.0_anchor0.5,XGBoost,0.7514066496163683,0.8333333333333334,0.8111111111111111,0.725,0.8660714285714286,1.0
covid,1,synthetic_only_internal_cv,Fixed_Balanced_high_sep1.0_anchor0.5,CatBoost,0.8271604938271604,0.8703703703703703,0.8358348968105066,0.8196428571428571,0.9017857142857142,2.0
covid,1,synthetic_only_internal_cv,Fixed_Balanced_high_sep1.0_anchor0.5,XGBoost,0.8271604938271604,0.8703703703703703,0.8358348968105066,0.8196428571428571,0.8982142857142857,2.0
covid,1,synthetic_only_internal_cv,Fixed_Balanced_high_sep1.0_anchor0.5,CatBoost,0.7120987654320987,0.7924528301886793,0.7184959349593496,0.7067307692307692,0.8307692307692308,3.0
covid,1,synthetic_only_internal_cv,Fixed_Balanced_high_sep1.0_anchor0.5,XGBoost,0.7132034632034632,0.8113207547169812,0.7537878787878788,0.6932692307692307,0.85,3.0
covid,1,synthetic_only_internal_cv,Fixed_Balanced_high_sep1.0_anchor0.5,CatBoost,0.6374245472837021,0.6792452830188679,0.6400293255131965,0.6836538461538462,0.8192307692307692,4.0
covid,1,synthetic_only_internal_cv,Fixed_Balanced_high_sep1.0_anchor0.5,XGBoost,0.5947686116700202,0.6415094339622641,0.6011730205278593,0.6326923076923077,0.7653846153846154,4.0
covid,1,synthetic_only_internal_cv,Fixed_Balanced_high_sep1.0_anchor0.5,CatBoost,0.6558441558441558,0.7735849056603774,0.6868686868686869,0.6423076923076924,0.8269230769230769,5.0
covid,1,synthetic_only_internal_cv,Fixed_Balanced_high_sep1.0_anchor0.5,XGBoost,0.6390780513357779,0.7547169811320755,0.6569767441860466,0.6298076923076923,0.7557692307692307,5.0
covid,2,train_real_test_real_cv,Real,CatBoost,0.45616883116883117,0.7014925373134329,0.47096774193548385,0.4894117647058824,0.6258823529411764,
covid,2,train_real_test_real_cv,Real,XGBoost,0.45616883116883117,0.7014925373134329,0.47096774193548385,0.4894117647058824,0.5988235294117646,
covid,2,train_synthetic_test_real_cv,Standard_CTGAN,CatBoost,0.5200168563000421,0.746268656716418,0.6309523809523809,0.5388235294117647,0.43529411764705883,
covid,2,train_synthetic_test_real_cv,Standard_CTGAN,XGBoost,0.5200168563000421,0.746268656716418,0.6309523809523809,0.5388235294117647,0.4447058823529412,
covid,2,synthetic_only_internal_cv,Standard_CTGAN,CatBoost,0.5848610289769367,0.7592592592592593,0.6458333333333333,0.5787992495309568,0.600375234521576,1.0
covid,2,synthetic_only_internal_cv,Standard_CTGAN,XGBoost,0.5848610289769367,0.7592592592592593,0.6458333333333333,0.5787992495309568,0.5028142589118199,1.0
covid,2,synthetic_only_internal_cv,Standard_CTGAN,CatBoost,0.6487285629804849,0.7962962962962963,0.7395833333333333,0.6294559099437148,0.6510318949343339,2.0
covid,2,synthetic_only_internal_cv,Standard_CTGAN,XGBoost,0.5848610289769367,0.7592592592592593,0.6458333333333333,0.5787992495309568,0.6454033771106942,2.0
covid,2,synthetic_only_internal_cv,Standard_CTGAN,CatBoost,0.5686046511627907,0.7358490566037735,0.6055900621118012,0.5653846153846154,0.5903846153846154,3.0
covid,2,synthetic_only_internal_cv,Standard_CTGAN,XGBoost,0.4358543417366947,0.6415094339622641,0.42916666666666664,0.4509615384615384,0.48653846153846153,3.0
covid,2,synthetic_only_internal_cv,Standard_CTGAN,CatBoost,0.5190562613430127,0.7169811320754716,0.549645390070922,0.5269230769230769,0.44230769230769235,4.0
covid,2,synthetic_only_internal_cv,Standard_CTGAN,XGBoost,0.4358543417366947,0.6415094339622641,0.42916666666666664,0.4509615384615384,0.3980769230769231,4.0
covid,2,synthetic_only_internal_cv,Standard_CTGAN,CatBoost,0.46464646464646464,0.6981132075471698,0.475,0.4884615384615385,0.45961538461538465,5.0
covid,2,synthetic_only_internal_cv,Standard_CTGAN,XGBoost,0.4044943820224719,0.6792452830188679,0.3673469387755102,0.45,0.47115384615384615,5.0
covid,2,train_synthetic_test_real_cv,SepAware_VariedGrid_Best,CatBoost,0.548406862745098,0.6716417910447762,0.5512820512820513,0.5470588235294118,0.5800000000000001,
covid,2,train_synthetic_test_real_cv,SepAware_VariedGrid_Best,XGBoost,0.5062358276643991,0.6119402985074627,0.506578947368421,0.5070588235294118,0.6011764705882352,
covid,2,synthetic_only_internal_cv,SepAware_VariedGrid_Best,CatBoost,0.6454033771106942,0.7407407407407407,0.6454033771106942,0.6454033771106942,0.7823639774859288,1.0
covid,2,synthetic_only_internal_cv,SepAware_VariedGrid_Best,XGBoost,0.7589285714285714,0.8148148148148148,0.7487179487179487,0.7729831144465291,0.7936210131332083,1.0
covid,2,synthetic_only_internal_cv,SepAware_VariedGrid_Best,CatBoost,0.7467166979362101,0.8148148148148148,0.7619047619047619,0.7357142857142858,0.8464285714285714,2.0
covid,2,synthetic_only_internal_cv,SepAware_VariedGrid_Best,XGBoost,0.7589285714285714,0.8148148148148148,0.7589285714285714,0.7589285714285714,0.8607142857142858,2.0
covid,2,synthetic_only_internal_cv,SepAware_VariedGrid_Best,CatBoost,0.750130958617077,0.8301886792452831,0.7802325581395348,0.7317307692307693,0.9115384615384615,3.0
covid,2,synthetic_only_internal_cv,SepAware_VariedGrid_Best,XGBoost,0.7705627705627706,0.8490566037735849,0.8207070707070707,0.7442307692307693,0.9461538461538461,3.0
covid,2,synthetic_only_internal_cv,SepAware_VariedGrid_Best,CatBoost,0.7114337568058076,0.8301886792452831,0.8315602836879432,0.6798076923076923,0.8461538461538461,4.0
covid,2,synthetic_only_internal_cv,SepAware_VariedGrid_Best,XGBoost,0.7120987654320987,0.7924528301886793,0.7184959349593496,0.7067307692307692,0.8538461538461539,4.0
covid,2,synthetic_only_internal_cv,SepAware_VariedGrid_Best,CatBoost,0.7644444444444445,0.8301886792452831,0.7723577235772358,0.7576923076923077,0.8596153846153847,5.0
covid,2,synthetic_only_internal_cv,SepAware_VariedGrid_Best,XGBoost,0.7763713080168776,0.8301886792452831,0.7701465201465202,0.7836538461538461,0.8673076923076923,5.0
covid,2,train_synthetic_test_real_cv,Fixed_Realism_only_sep0.0_anchor0.0,CatBoost,0.5431818181818182,0.7313432835820896,0.5976190476190476,0.548235294117647,0.6011764705882352,
covid,2,train_synthetic_test_real_cv,Fixed_Realism_only_sep0.0_anchor0.0,XGBoost,0.49242424242424243,0.7014925373134329,0.5178571428571428,0.5088235294117647,0.5376470588235294,
covid,2,synthetic_only_internal_cv,Fixed_Realism_only_sep0.0_anchor0.0,CatBoost,0.39325842696629215,0.6481481481481481,0.3645833333333333,0.4268292682926829,0.5609756097560976,1.0
covid,2,synthetic_only_internal_cv,Fixed_Realism_only_sep0.0_anchor0.0,XGBoost,0.4571259609698403,0.6851851851851852,0.4583333333333333,0.47748592870544093,0.5572232645403378,1.0
covid,2,synthetic_only_internal_cv,Fixed_Realism_only_sep0.0_anchor0.0,CatBoost,0.5704545454545454,0.7407407407407407,0.6354166666666667,0.5696428571428571,0.6196428571428572,2.0
covid,2,synthetic_only_internal_cv,Fixed_Realism_only_sep0.0_anchor0.0,XGBoost,0.5566502463054187,0.7222222222222222,0.5972644376899696,0.5571428571428572,0.5928571428571429,2.0
covid,2,synthetic_only_internal_cv,Fixed_Realism_only_sep0.0_anchor0.0,CatBoost,0.3977272727272727,0.660377358490566,0.3645833333333333,0.4375,0.5153846153846153,3.0
covid,2,synthetic_only_internal_cv,Fixed_Realism_only_sep0.0_anchor0.0,XGBoost,0.4745538664904164,0.7169811320754716,0.5025510204081632,0.5009615384615385,0.5634615384615385,3.0
covid,2,synthetic_only_internal_cv,Fixed_Realism_only_sep0.0_anchor0.0,CatBoost,0.5546218487394958,0.7169811320754716,0.5763888888888888,0.5528846153846154,0.5557692307692308,4.0
covid,2,synthetic_only_internal_cv,Fixed_Realism_only_sep0.0_anchor0.0,XGBoost,0.5835515976951283,0.7169811320754716,0.5953488372093023,0.5788461538461538,0.5480769230769231,4.0
covid,2,synthetic_only_internal_cv,Fixed_Realism_only_sep0.0_anchor0.0,CatBoost,0.4044943820224719,0.6792452830188679,0.3673469387755102,0.45,0.5326923076923078,5.0
covid,2,synthetic_only_internal_cv,Fixed_Realism_only_sep0.0_anchor0.0,XGBoost,0.4044943820224719,0.6792452830188679,0.3673469387755102,0.45,0.5961538461538461,5.0
covid,2,train_synthetic_test_real_cv,Fixed_Sep_low_sep0.25_anchor0.0,CatBoost,0.5431818181818182,0.7313432835820896,0.5976190476190476,0.548235294117647,0.5788235294117647,
covid,2,train_synthetic_test_real_cv,Fixed_Sep_low_sep0.25_anchor0.0,XGBoost,0.49242424242424243,0.7014925373134329,0.5178571428571428,0.5088235294117647,0.5670588235294117,
covid,2,synthetic_only_internal_cv,Fixed_Sep_low_sep0.25_anchor0.0,CatBoost,0.48641304347826086,0.7407407407407407,0.5490196078431372,0.5140712945590994,0.5590994371482176,1.0
covid,2,synthetic_only_internal_cv,Fixed_Sep_low_sep0.25_anchor0.0,XGBoost,0.4967741935483871,0.7592592592592593,0.6346153846153846,0.5262664165103189,0.5103189493433395,1.0
covid,2,synthetic_only_internal_cv,Fixed_Sep_low_sep0.25_anchor0.0,CatBoost,0.5433403805496828,0.7037037037037037,0.5679347826086957,0.5446428571428571,0.5446428571428572,2.0
covid,2,synthetic_only_internal_cv,Fixed_Sep_low_sep0.25_anchor0.0,XGBoost,0.5090909090909091,0.7037037037037037,0.5416666666666666,0.5214285714285715,0.5625,2.0
covid,2,synthetic_only_internal_cv,Fixed_Sep_low_sep0.25_anchor0.0,CatBoost,0.46464646464646464,0.6981132075471698,0.475,0.4884615384615385,0.6326923076923077,3.0
covid,2,synthetic_only_internal_cv,Fixed_Sep_low_sep0.25_anchor0.0,XGBoost,0.46464646464646464,0.6981132075471698,0.475,0.4884615384615385,0.5961538461538461,3.0
covid,2,synthetic_only_internal_cv,Fixed_Sep_low_sep0.25_anchor0.0,CatBoost,0.4745538664904164,0.7169811320754716,0.5025510204081632,0.5009615384615385,0.5884615384615385,4.0
covid,2,synthetic_only_internal_cv,Fixed_Sep_low_sep0.25_anchor0.0,XGBoost,0.5550617283950617,0.6792452830188679,0.556910569105691,0.5538461538461539,0.5673076923076923,4.0
covid,2,synthetic_only_internal_cv,Fixed_Sep_low_sep0.25_anchor0.0,CatBoost,0.5280251440544788,0.6792452830188679,0.5337209302325582,0.5278846153846154,0.5846153846153846,5.0
covid,2,synthetic_only_internal_cv,Fixed_Sep_low_sep0.25_anchor0.0,XGBoost,0.5069767441860465,0.6981132075471698,0.5232919254658386,0.5144230769230769,0.5653846153846154,5.0
covid,2,train_synthetic_test_real_cv,Fixed_Sep_medium_sep0.5_anchor0.0,CatBoost,0.5129802699896158,0.6865671641791045,0.5271929824561403,0.518235294117647,0.571764705882353,
covid,2,train_synthetic_test_real_cv,Fixed_Sep_medium_sep0.5_anchor0.0,XGBoost,0.4273504273504274,0.6417910447761194,0.4176245210727969,0.44941176470588234,0.5870588235294117,
covid,2,synthetic_only_internal_cv,Fixed_Sep_medium_sep0.5_anchor0.0,CatBoost,0.4751918158567775,0.6481481481481481,0.475,0.47936210131332085,0.6604127579737336,1.0
covid,2,synthetic_only_internal_cv,Fixed_Sep_medium_sep0.5_anchor0.0,XGBoost,0.5178571428571428,0.6666666666666666,0.5200845665961945,0.5178236397748593,0.6360225140712946,1.0
covid,2,synthetic_only_internal_cv,Fixed_Sep_medium_sep0.5_anchor0.0,CatBoost,0.6318181818181818,0.7777777777777778,0.7291666666666666,0.6178571428571429,0.8017857142857142,2.0
covid,2,synthetic_only_internal_cv,Fixed_Sep_medium_sep0.5_anchor0.0,XGBoost,0.7339901477832512,0.8333333333333334,0.8434650455927051,0.7017857142857142,0.8017857142857143,2.0
covid,2,synthetic_only_internal_cv,Fixed_Sep_medium_sep0.5_anchor0.0,CatBoost,0.4745538664904164,0.7169811320754716,0.5025510204081632,0.5009615384615385,0.6019230769230769,3.0
covid,2,synthetic_only_internal_cv,Fixed_Sep_medium_sep0.5_anchor0.0,XGBoost,0.5069767441860465,0.6981132075471698,0.5232919254658386,0.5144230769230769,0.6076923076923078,3.0
covid,2,synthetic_only_internal_cv,Fixed_Sep_medium_sep0.5_anchor0.0,CatBoost,0.6558441558441558,0.7735849056603774,0.6868686868686869,0.6423076923076924,0.8096153846153846,4.0
covid,2,synthetic_only_internal_cv,Fixed_Sep_medium_sep0.5_anchor0.0,XGBoost,0.7306910569105691,0.8113207547169812,0.7467532467532467,0.7192307692307692,0.7942307692307692,4.0
covid,2,synthetic_only_internal_cv,Fixed_Sep_medium_sep0.5_anchor0.0,CatBoost,0.673389355742297,0.7924528301886793,0.7236111111111111,0.6548076923076923,0.6961538461538462,5.0
covid,2,synthetic_only_internal_cv,Fixed_Sep_medium_sep0.5_anchor0.0,XGBoost,0.659753086419753,0.7547169811320755,0.6646341463414633,0.6557692307692308,0.6711538461538461,5.0
covid,2,train_synthetic_test_real_cv,Fixed_Sep_high_sep1.0_anchor0.0,CatBoost,0.548406862745098,0.6716417910447762,0.5512820512820513,0.5470588235294118,0.5800000000000001,
covid,2,train_synthetic_test_real_cv,Fixed_Sep_high_sep1.0_anchor0.0,XGBoost,0.5062358276643991,0.6119402985074627,0.506578947368421,0.5070588235294118,0.6011764705882352,
covid,2,synthetic_only_internal_cv,Fixed_Sep_high_sep1.0_anchor0.0,CatBoost,0.6454033771106942,0.7407407407407407,0.6454033771106942,0.6454033771106942,0.7823639774859288,1.0
covid,2,synthetic_only_internal_cv,Fixed_Sep_high_sep1.0_anchor0.0,XGBoost,0.7589285714285714,0.8148148148148148,0.7487179487179487,0.7729831144465291,0.7936210131332083,1.0
covid,2,synthetic_only_internal_cv,Fixed_Sep_high_sep1.0_anchor0.0,CatBoost,0.7467166979362101,0.8148148148148148,0.7619047619047619,0.7357142857142858,0.8464285714285714,2.0
covid,2,synthetic_only_internal_cv,Fixed_Sep_high_sep1.0_anchor0.0,XGBoost,0.7589285714285714,0.8148148148148148,0.7589285714285714,0.7589285714285714,0.8607142857142858,2.0
covid,2,synthetic_only_internal_cv,Fixed_Sep_high_sep1.0_anchor0.0,CatBoost,0.750130958617077,0.8301886792452831,0.7802325581395348,0.7317307692307693,0.9115384615384615,3.0
covid,2,synthetic_only_internal_cv,Fixed_Sep_high_sep1.0_anchor0.0,XGBoost,0.7705627705627706,0.8490566037735849,0.8207070707070707,0.7442307692307693,0.9461538461538461,3.0
covid,2,synthetic_only_internal_cv,Fixed_Sep_high_sep1.0_anchor0.0,CatBoost,0.7114337568058076,0.8301886792452831,0.8315602836879432,0.6798076923076923,0.8461538461538461,4.0
covid,2,synthetic_only_internal_cv,Fixed_Sep_high_sep1.0_anchor0.0,XGBoost,0.7120987654320987,0.7924528301886793,0.7184959349593496,0.7067307692307692,0.8538461538461539,4.0
covid,2,synthetic_only_internal_cv,Fixed_Sep_high_sep1.0_anchor0.0,CatBoost,0.7644444444444445,0.8301886792452831,0.7723577235772358,0.7576923076923077,0.8596153846153847,5.0
covid,2,synthetic_only_internal_cv,Fixed_Sep_high_sep1.0_anchor0.0,XGBoost,0.7763713080168776,0.8301886792452831,0.7701465201465202,0.7836538461538461,0.8673076923076923,5.0
covid,2,train_synthetic_test_real_cv,Fixed_Anchor_low_sep0.0_anchor0.25,CatBoost,0.5819376026272578,0.7164179104477612,0.5992424242424242,0.5770588235294117,0.5670588235294117,
covid,2,train_synthetic_test_real_cv,Fixed_Anchor_low_sep0.0_anchor0.25,XGBoost,0.5013709361535448,0.7164179104477612,0.5437158469945355,0.5188235294117647,0.5482352941176469,
covid,2,synthetic_only_internal_cv,Fixed_Anchor_low_sep0.0_anchor0.25,CatBoost,0.5304347826086957,0.6851851851851852,0.5363636363636364,0.5300187617260788,0.5328330206378987,1.0
covid,2,synthetic_only_internal_cv,Fixed_Anchor_low_sep0.0_anchor0.25,XGBoost,0.4862579281183932,0.6666666666666666,0.4888888888888889,0.4915572232645403,0.5431519699812383,1.0
covid,2,synthetic_only_internal_cv,Fixed_Anchor_low_sep0.0_anchor0.25,CatBoost,0.4,0.6666666666666666,0.36,0.45,0.5821428571428572,2.0
covid,2,synthetic_only_internal_cv,Fixed_Anchor_low_sep0.0_anchor0.25,XGBoost,0.4,0.6666666666666666,0.36,0.45,0.5839285714285715,2.0
covid,2,synthetic_only_internal_cv,Fixed_Anchor_low_sep0.0_anchor0.25,CatBoost,0.3977272727272727,0.660377358490566,0.3645833333333333,0.4375,0.425,3.0
covid,2,synthetic_only_internal_cv,Fixed_Anchor_low_sep0.0_anchor0.25,XGBoost,0.4453488372093023,0.660377358490566,0.4409937888198757,0.4634615384615385,0.3980769230769231,3.0
covid,2,synthetic_only_internal_cv,Fixed_Anchor_low_sep0.0_anchor0.25,CatBoost,0.49523809523809526,0.6792452830188679,0.5027777777777778,0.5019230769230769,0.55,4.0
covid,2,synthetic_only_internal_cv,Fixed_Anchor_low_sep0.0_anchor0.25,XGBoost,0.45493042952208107,0.6792452830188679,0.4556737588652482,0.47596153846153844,0.5903846153846154,4.0
covid,2,synthetic_only_internal_cv,Fixed_Anchor_low_sep0.0_anchor0.25,CatBoost,0.46464646464646464,0.6981132075471698,0.475,0.4884615384615385,0.5019230769230769,5.0
covid,2,synthetic_only_internal_cv,Fixed_Anchor_low_sep0.0_anchor0.25,XGBoost,0.47249869041382925,0.6415094339622641,0.4720930232558139,0.47692307692307695,0.4980769230769231,5.0
covid,2,train_synthetic_test_real_cv,Fixed_Anchor_medium_sep0.0_anchor0.5,CatBoost,0.5705128205128205,0.7014925373134329,0.5811965811965812,0.5670588235294117,0.5894117647058823,
covid,2,train_synthetic_test_real_cv,Fixed_Anchor_medium_sep0.0_anchor0.5,XGBoost,0.46659743856005537,0.6567164179104478,0.46842105263157896,0.4788235294117647,0.5964705882352941,
covid,2,synthetic_only_internal_cv,Fixed_Anchor_medium_sep0.0_anchor0.5,CatBoost,0.4,0.6666666666666666,0.3673469387755102,0.43902439024390244,0.5553470919324579,1.0
covid,2,synthetic_only_internal_cv,Fixed_Anchor_medium_sep0.0_anchor0.5,XGBoost,0.4862579281183932,0.6666666666666666,0.4888888888888889,0.4915572232645403,0.5684803001876173,1.0
covid,2,synthetic_only_internal_cv,Fixed_Anchor_medium_sep0.0_anchor0.5,CatBoost,0.39325842696629215,0.6481481481481481,0.35714285714285715,0.4375,0.6410714285714285,2.0
covid,2,synthetic_only_internal_cv,Fixed_Anchor_medium_sep0.0_anchor0.5,XGBoost,0.5090909090909091,0.7037037037037037,0.5416666666666666,0.5214285714285715,0.6178571428571429,2.0
covid,2,synthetic_only_internal_cv,Fixed_Anchor_medium_sep0.0_anchor0.5,CatBoost,0.5686046511627907,0.7358490566037735,0.6055900621118012,0.5653846153846154,0.5884615384615384,3.0
covid,2,synthetic_only_internal_cv,Fixed_Anchor_medium_sep0.0_anchor0.5,XGBoost,0.5069767441860465,0.6981132075471698,0.5232919254658386,0.5144230769230769,0.5884615384615384,3.0
covid,2,synthetic_only_internal_cv,Fixed_Anchor_medium_sep0.0_anchor0.5,CatBoost,0.5411255411255411,0.6981132075471698,0.553030303030303,0.5403846153846154,0.6211538461538462,4.0
covid,2,synthetic_only_internal_cv,Fixed_Anchor_medium_sep0.0_anchor0.5,XGBoost,0.5691056910569106,0.6981132075471698,0.5746753246753247,0.5663461538461538,0.6134615384615384,4.0
covid,2,synthetic_only_internal_cv,Fixed_Anchor_medium_sep0.0_anchor0.5,CatBoost,0.48376623376623373,0.660377358490566,0.4861111111111111,0.4894230769230769,0.7288461538461538,5.0
covid,2,synthetic_only_internal_cv,Fixed_Anchor_medium_sep0.0_anchor0.5,XGBoost,0.4453488372093023,0.660377358490566,0.4409937888198757,0.4634615384615385,0.7,5.0
covid,2,train_synthetic_test_real_cv,Fixed_Balanced_low_sep0.25_anchor0.25,CatBoost,0.4939244663382594,0.6567164179104478,0.49772727272727274,0.49823529411764705,0.588235294117647,
covid,2,train_synthetic_test_real_cv,Fixed_Balanced_low_sep0.25_anchor0.25,XGBoost,0.5705128205128205,0.7014925373134329,0.5811965811965812,0.5670588235294117,0.6188235294117647,
covid,2,synthetic_only_internal_cv,Fixed_Balanced_low_sep0.25_anchor0.25,CatBoost,0.4291754756871036,0.6296296296296297,0.42222222222222217,0.44090056285178236,0.5347091932457786,1.0
covid,2,synthetic_only_internal_cv,Fixed_Balanced_low_sep0.25_anchor0.25,XGBoost,0.4291754756871036,0.6296296296296297,0.42222222222222217,0.44090056285178236,0.5891181988742964,1.0
covid,2,synthetic_only_internal_cv,Fixed_Balanced_low_sep0.25_anchor0.25,CatBoost,0.4862579281183932,0.6666666666666666,0.4945652173913043,0.49642857142857144,0.5392857142857143,2.0
covid,2,synthetic_only_internal_cv,Fixed_Balanced_low_sep0.25_anchor0.25,XGBoost,0.4477272727272727,0.6666666666666666,0.44791666666666663,0.4732142857142857,0.5589285714285714,2.0
covid,2,synthetic_only_internal_cv,Fixed_Balanced_low_sep0.25_anchor0.25,CatBoost,0.5069767441860465,0.6981132075471698,0.5232919254658386,0.5144230769230769,0.676923076923077,3.0
covid,2,synthetic_only_internal_cv,Fixed_Balanced_low_sep0.25_anchor0.25,XGBoost,0.5546218487394958,0.7169811320754716,0.5763888888888888,0.5528846153846154,0.7153846153846154,3.0
covid,2,synthetic_only_internal_cv,Fixed_Balanced_low_sep0.25_anchor0.25,CatBoost,0.5686046511627907,0.7358490566037735,0.6055900621118012,0.5653846153846154,0.6692307692307693,4.0
covid,2,synthetic_only_internal_cv,Fixed_Balanced_low_sep0.25_anchor0.25,XGBoost,0.6229674796747967,0.7358490566037735,0.6320346320346321,0.6173076923076923,0.6682692307692307,4.0
covid,2,synthetic_only_internal_cv,Fixed_Balanced_low_sep0.25_anchor0.25,CatBoost,0.4847222222222222,0.7358490566037735,0.5466666666666666,0.5134615384615384,0.5884615384615385,5.0
covid,2,synthetic_only_internal_cv,Fixed_Balanced_low_sep0.25_anchor0.25,XGBoost,0.5062111801242236,0.7735849056603774,0.8846153846153846,0.5384615384615384,0.6403846153846154,5.0
covid,2,train_synthetic_test_real_cv,Fixed_Balanced_medium_sep0.5_anchor0.25,CatBoost,0.45724572457245727,0.5970149253731343,0.4564950980392157,0.4582352941176471,0.5494117647058824,
covid,2,train_synthetic_test_real_cv,Fixed_Balanced_medium_sep0.5_anchor0.25,XGBoost,0.44166666666666665,0.6119402985074627,0.43803418803418803,0.44882352941176473,0.5605882352941176,
covid,2,synthetic_only_internal_cv,Fixed_Balanced_medium_sep0.5_anchor0.25,CatBoost,0.5433403805496828,0.7037037037037037,0.5555555555555556,0.5422138836772983,0.5534709193245779,1.0
covid,2,synthetic_only_internal_cv,Fixed_Balanced_medium_sep0.5_anchor0.25,XGBoost,0.5714285714285714,0.7037037037037037,0.5771670190274841,0.5684803001876173,0.5797373358348968,1.0
covid,2,synthetic_only_internal_cv,Fixed_Balanced_medium_sep0.5_anchor0.25,CatBoost,0.5433403805496828,0.7037037037037037,0.5679347826086957,0.5446428571428571,0.7214285714285714,2.0
covid,2,synthetic_only_internal_cv,Fixed_Balanced_medium_sep0.5_anchor0.25,XGBoost,0.625,0.7407407407407407,0.6477272727272727,0.6160714285714286,0.7803571428571429,2.0
covid,2,synthetic_only_internal_cv,Fixed_Balanced_medium_sep0.5_anchor0.25,CatBoost,0.5069767441860465,0.6981132075471698,0.5232919254658386,0.5144230769230769,0.6846153846153846,3.0
covid,2,synthetic_only_internal_cv,Fixed_Balanced_medium_sep0.5_anchor0.25,XGBoost,0.5411255411255411,0.6981132075471698,0.553030303030303,0.5403846153846154,0.7230769230769232,3.0
covid,2,synthetic_only_internal_cv,Fixed_Balanced_medium_sep0.5_anchor0.25,CatBoost,0.6229674796747967,0.7358490566037735,0.6320346320346321,0.6173076923076923,0.7134615384615384,4.0
covid,2,synthetic_only_internal_cv,Fixed_Balanced_medium_sep0.5_anchor0.25,XGBoost,0.6432692307692307,0.7358490566037735,0.6432692307692307,0.6432692307692307,0.7480769230769231,4.0
covid,2,synthetic_only_internal_cv,Fixed_Balanced_medium_sep0.5_anchor0.25,CatBoost,0.4111111111111111,0.6981132075471698,0.37,0.4625,0.5576923076923077,5.0
covid,2,synthetic_only_internal_cv,Fixed_Balanced_medium_sep0.5_anchor0.25,XGBoost,0.5831820931639443,0.7547169811320755,0.6436170212765957,0.5778846153846154,0.5634615384615386,5.0
covid,2,train_synthetic_test_real_cv,Fixed_Balanced_high_sep1.0_anchor0.5,CatBoost,0.5376537653765376,0.6567164179104478,0.5386029411764706,0.5370588235294118,0.6047058823529412,
covid,2,train_synthetic_test_real_cv,Fixed_Balanced_high_sep1.0_anchor0.5,XGBoost,0.5224780701754386,0.6119402985074627,0.5232919254658386,0.5264705882352941,0.5776470588235294,
covid,2,synthetic_only_internal_cv,Fixed_Balanced_high_sep1.0_anchor0.5,CatBoost,0.6575052854122622,0.7777777777777778,0.6888888888888889,0.6435272045028143,0.8686679174484052,1.0
covid,2,synthetic_only_internal_cv,Fixed_Balanced_high_sep1.0_anchor0.5,XGBoost,0.7716701902748414,0.8518518518518519,0.8222222222222222,0.7448405253283301,0.8949343339587242,1.0
covid,2,synthetic_only_internal_cv,Fixed_Balanced_high_sep1.0_anchor0.5,CatBoost,0.6575052854122622,0.7777777777777778,0.7146739130434783,0.6410714285714286,0.8303571428571428,2.0
covid,2,synthetic_only_internal_cv,Fixed_Balanced_high_sep1.0_anchor0.5,XGBoost,0.6785714285714286,0.7777777777777778,0.7090909090909091,0.6642857142857143,0.8196428571428572,2.0
covid,2,synthetic_only_internal_cv,Fixed_Balanced_high_sep1.0_anchor0.5,CatBoost,0.7266760431317394,0.7924528301886793,0.7216117216117216,0.7326923076923078,0.8384615384615385,3.0
covid,2,synthetic_only_internal_cv,Fixed_Balanced_high_sep1.0_anchor0.5,XGBoost,0.7087912087912087,0.7735849056603774,0.7008771929824562,0.7201923076923077,0.875,3.0
covid,2,synthetic_only_internal_cv,Fixed_Balanced_high_sep1.0_anchor0.5,CatBoost,0.7451923076923077,0.8113207547169812,0.7451923076923077,0.7451923076923077,0.8884615384615384,4.0
covid,2,synthetic_only_internal_cv,Fixed_Balanced_high_sep1.0_anchor0.5,XGBoost,0.7087912087912087,0.7735849056603774,0.7008771929824562,0.7201923076923077,0.8211538461538461,4.0
covid,2,synthetic_only_internal_cv,Fixed_Balanced_high_sep1.0_anchor0.5,CatBoost,0.6918604651162791,0.8113207547169812,0.7701863354037267,0.6673076923076923,0.8423076923076924,5.0
covid,2,synthetic_only_internal_cv,Fixed_Balanced_high_sep1.0_anchor0.5,XGBoost,0.6918604651162791,0.8113207547169812,0.7701863354037267,0.6673076923076923,0.8442307692307692,5.0
covid,3,train_real_test_real_cv,Real,CatBoost,0.5764854614412136,0.7761194029850746,0.7638888888888888,0.5782352941176471,0.7117647058823529,
covid,3,train_real_test_real_cv,Real,XGBoost,0.5227920227920227,0.7014925373134329,0.5459770114942528,0.528235294117647,0.6847058823529412,
covid,3,train_synthetic_test_real_cv,Standard_CTGAN,CatBoost,0.45616883116883117,0.7014925373134329,0.47096774193548385,0.4894117647058824,0.35058823529411764,
covid,3,train_synthetic_test_real_cv,Standard_CTGAN,XGBoost,0.4344954128440367,0.6567164179104478,0.4269067796610169,0.45941176470588235,0.40117647058823536,
covid,3,synthetic_only_internal_cv,Standard_CTGAN,CatBoost,0.4578786556089044,0.5740740740740741,0.45684803001876173,0.4621710526315789,0.38651315789473684,1.0
covid,3,synthetic_only_internal_cv,Standard_CTGAN,XGBoost,0.39999999999999997,0.5185185185185185,0.39642857142857146,0.40460526315789475,0.2861842105263158,1.0
covid,3,synthetic_only_internal_cv,Standard_CTGAN,CatBoost,0.36470588235294116,0.5740740740740741,0.32978723404255317,0.40789473684210525,0.39309210526315785,2.0
covid,3,synthetic_only_internal_cv,Standard_CTGAN,XGBoost,0.46428571428571425,0.6296296296296297,0.47282608695652173,0.48355263157894735,0.4440789473684211,2.0
covid,3,synthetic_only_internal_cv,Standard_CTGAN,CatBoost,0.4285044538209095,0.5660377358490566,0.4242424242424242,0.4408783783783784,0.3902027027027027,3.0
covid,3,synthetic_only_internal_cv,Standard_CTGAN,XGBoost,0.3614457831325301,0.5660377358490566,0.32608695652173914,0.40540540540540543,0.3243243243243243,3.0
covid,3,synthetic_only_internal_cv,Standard_CTGAN,CatBoost,0.5152439024390244,0.660377358490566,0.5303030303030303,0.5210526315789473,0.4035087719298246,4.0
covid,3,synthetic_only_internal_cv,Standard_CTGAN,XGBoost,0.4453488372093023,0.660377358490566,0.4541666666666667,0.4807017543859649,0.4017543859649123,4.0
covid,3,synthetic_only_internal_cv,Standard_CTGAN,CatBoost,0.39080459770114945,0.6415094339622641,0.3469387755102041,0.4473684210526316,0.4736842105263157,5.0
covid,3,synthetic_only_internal_cv,Standard_CTGAN,XGBoost,0.5550617283950617,0.6792452830188679,0.5720930232558139,0.5543859649122806,0.4842105263157895,5.0
covid,3,train_synthetic_test_real_cv,SepAware_VariedGrid_Best,CatBoost,0.5379310344827586,0.6865671641791045,0.5484848484848485,0.5376470588235294,0.6294117647058823,
covid,3,train_synthetic_test_real_cv,SepAware_VariedGrid_Best,XGBoost,0.5552669552669552,0.6567164179104478,0.5544217687074829,0.5564705882352942,0.6564705882352941,
covid,3,synthetic_only_internal_cv,SepAware_VariedGrid_Best,CatBoost,0.7137349397590362,0.7962962962962963,0.7202380952380952,0.7082551594746717,0.8686679174484053,1.0
covid,3,synthetic_only_internal_cv,SepAware_VariedGrid_Best,XGBoost,0.6785714285714286,0.7777777777777778,0.6913319238900635,0.6697936210131332,0.849906191369606,1.0
covid,3,synthetic_only_internal_cv,SepAware_VariedGrid_Best,CatBoost,0.6004228329809725,0.7407407407407407,0.6413043478260869,0.5928571428571429,0.7767857142857143,2.0
covid,3,synthetic_only_internal_cv,SepAware_VariedGrid_Best,XGBoost,0.640920716112532,0.7592592592592593,0.6777777777777778,0.6285714285714286,0.7464285714285714,2.0
covid,3,synthetic_only_internal_cv,SepAware_VariedGrid_Best,CatBoost,0.6946045049764275,0.7924528301886793,0.7186046511627907,0.6807692307692308,0.7884615384615385,3.0
covid,3,synthetic_only_internal_cv,SepAware_VariedGrid_Best,XGBoost,0.6302325581395349,0.7735849056603774,0.687888198757764,0.6163461538461539,0.825,3.0
covid,3,synthetic_only_internal_cv,SepAware_VariedGrid_Best,CatBoost,0.7451923076923077,0.8113207547169812,0.7451923076923077,0.7451923076923077,0.7903846153846155,4.0
covid,3,synthetic_only_internal_cv,SepAware_VariedGrid_Best,XGBoost,0.7451923076923077,0.8113207547169812,0.7451923076923077,0.7451923076923077,0.8596153846153847,4.0
covid,3,synthetic_only_internal_cv,SepAware_VariedGrid_Best,CatBoost,0.6769807782466011,0.7547169811320755,0.6730769230769231,0.6817307692307693,0.8326923076923077,5.0
covid,3,synthetic_only_internal_cv,SepAware_VariedGrid_Best,XGBoost,0.6439767129422302,0.7169811320754716,0.6376689189189189,0.6567307692307692,0.8365384615384616,5.0
covid,3,train_synthetic_test_real_cv,Fixed_Realism_only_sep0.0_anchor0.0,CatBoost,0.44888366627497067,0.6865671641791045,0.4521857923497268,0.47941176470588237,0.6294117647058823,
covid,3,train_synthetic_test_real_cv,Fixed_Realism_only_sep0.0_anchor0.0,XGBoost,0.49242424242424243,0.7014925373134329,0.5178571428571428,0.5088235294117647,0.6164705882352941,
covid,3,synthetic_only_internal_cv,Fixed_Realism_only_sep0.0_anchor0.0,CatBoost,0.6004228329809725,0.7407407407407407,0.6222222222222222,0.5928705440900564,0.7148217636022515,1.0
covid,3,synthetic_only_internal_cv,Fixed_Realism_only_sep0.0_anchor0.0,XGBoost,0.6004228329809725,0.7407407407407407,0.6222222222222222,0.5928705440900564,0.726078799249531,1.0
covid,3,synthetic_only_internal_cv,Fixed_Realism_only_sep0.0_anchor0.0,CatBoost,0.4975369458128079,0.6851851851851852,0.5151975683890577,0.5089285714285714,0.6017857142857143,2.0
covid,3,synthetic_only_internal_cv,Fixed_Realism_only_sep0.0_anchor0.0,XGBoost,0.5704545454545454,0.7407407407407407,0.6354166666666667,0.5696428571428571,0.6446428571428571,2.0
covid,3,synthetic_only_internal_cv,Fixed_Realism_only_sep0.0_anchor0.0,CatBoost,0.49523809523809526,0.6792452830188679,0.5027777777777778,0.5019230769230769,0.576923076923077,3.0
covid,3,synthetic_only_internal_cv,Fixed_Realism_only_sep0.0_anchor0.0,XGBoost,0.4903846153846154,0.6226415094339622,0.4903846153846154,0.4903846153846154,0.5480769230769231,3.0
covid,3,synthetic_only_internal_cv,Fixed_Realism_only_sep0.0_anchor0.0,CatBoost,0.45493042952208107,0.6792452830188679,0.4556737588652482,0.47596153846153844,0.4980769230769231,4.0
covid,3,synthetic_only_internal_cv,Fixed_Realism_only_sep0.0_anchor0.0,XGBoost,0.4264069264069264,0.6226415094339622,0.4191919191919192,0.43846153846153846,0.42692307692307696,4.0
covid,3,synthetic_only_internal_cv,Fixed_Realism_only_sep0.0_anchor0.0,CatBoost,0.38372093023255816,0.6226415094339622,0.358695652173913,0.4125,0.5615384615384615,5.0
covid,3,synthetic_only_internal_cv,Fixed_Realism_only_sep0.0_anchor0.0,XGBoost,0.47249869041382925,0.6415094339622641,0.4720930232558139,0.47692307692307695,0.5807692307692307,5.0
covid,3,train_synthetic_test_real_cv,Fixed_Sep_low_sep0.25_anchor0.0,CatBoost,0.47105263157894733,0.7313432835820896,0.5416666666666666,0.5094117647058823,0.6317647058823529,
covid,3,train_synthetic_test_real_cv,Fixed_Sep_low_sep0.25_anchor0.0,XGBoost,0.6063454759106933,0.7761194029850746,0.7267759562841529,0.5976470588235294,0.6764705882352942,
covid,3,synthetic_only_internal_cv,Fixed_Sep_low_sep0.25_anchor0.0,CatBoost,0.4764059469941823,0.7222222222222222,0.505,0.50187617260788,0.6923076923076923,1.0
covid,3,synthetic_only_internal_cv,Fixed_Sep_low_sep0.25_anchor0.0,XGBoost,0.6318181818181818,0.7777777777777778,0.6899696048632218,0.6172607879924954,0.7185741088180112,1.0
covid,3,synthetic_only_internal_cv,Fixed_Sep_low_sep0.25_anchor0.0,CatBoost,0.4764059469941823,0.7222222222222222,0.5392156862745098,0.5107142857142857,0.5080357142857144,2.0
covid,3,synthetic_only_internal_cv,Fixed_Sep_low_sep0.25_anchor0.0,XGBoost,0.5704545454545454,0.7407407407407407,0.6354166666666667,0.5696428571428571,0.5883928571428572,2.0
covid,3,synthetic_only_internal_cv,Fixed_Sep_low_sep0.25_anchor0.0,CatBoost,0.4358543417366947,0.6415094339622641,0.42916666666666664,0.4509615384615384,0.6346153846153846,3.0
covid,3,synthetic_only_internal_cv,Fixed_Sep_low_sep0.25_anchor0.0,XGBoost,0.4358543417366947,0.6415094339622641,0.42916666666666664,0.4509615384615384,0.6942307692307693,3.0
covid,3,synthetic_only_internal_cv,Fixed_Sep_low_sep0.25_anchor0.0,CatBoost,0.4661172161172161,0.5849056603773585,0.46842105263157896,0.4653846153846154,0.5480769230769231,4.0
covid,3,synthetic_only_internal_cv,Fixed_Sep_low_sep0.25_anchor0.0,XGBoost,0.4169722367731796,0.6037735849056604,0.41046511627906973,0.4259615384615385,0.5557692307692308,4.0
covid,3,synthetic_only_internal_cv,Fixed_Sep_low_sep0.25_anchor0.0,CatBoost,0.4745538664904164,0.7169811320754716,0.5025510204081632,0.5009615384615385,0.6865384615384615,5.0
covid,3,synthetic_only_internal_cv,Fixed_Sep_low_sep0.25_anchor0.0,XGBoost,0.5069767441860465,0.6981132075471698,0.5232919254658386,0.5144230769230769,0.591346153846154,5.0
covid,3,train_synthetic_test_real_cv,Fixed_Sep_medium_sep0.5_anchor0.0,CatBoost,0.5820183486238533,0.746268656716418,0.6398305084745763,0.5776470588235294,0.6494117647058824,
covid,3,train_synthetic_test_real_cv,Fixed_Sep_medium_sep0.5_anchor0.0,XGBoost,0.5705128205128205,0.7014925373134329,0.5811965811965812,0.5670588235294117,0.6176470588235294,
covid,3,synthetic_only_internal_cv,Fixed_Sep_medium_sep0.5_anchor0.0,CatBoost,0.5090909090909091,0.7037037037037037,0.5258358662613982,0.5159474671669794,0.6848030018761726,1.0
covid,3,synthetic_only_internal_cv,Fixed_Sep_medium_sep0.5_anchor0.0,XGBoost,0.6004228329809725,0.7407407407407407,0.6222222222222222,0.5928705440900564,0.6341463414634146,1.0
covid,3,synthetic_only_internal_cv,Fixed_Sep_medium_sep0.5_anchor0.0,CatBoost,0.6142857142857143,0.7037037037037037,0.6142857142857143,0.6142857142857143,0.7196428571428571,2.0
covid,3,synthetic_only_internal_cv,Fixed_Sep_medium_sep0.5_anchor0.0,XGBoost,0.5304347826086957,0.6851851851851852,0.5444444444444444,0.5321428571428571,0.6767857142857143,2.0
covid,3,synthetic_only_internal_cv,Fixed_Sep_medium_sep0.5_anchor0.0,CatBoost,0.5315656565656566,0.7358490566037735,0.5854166666666667,0.539423076923077,0.698076923076923,3.0
covid,3,synthetic_only_internal_cv,Fixed_Sep_medium_sep0.5_anchor0.0,XGBoost,0.5190562613430127,0.7169811320754716,0.549645390070922,0.5269230769230769,0.7749999999999999,3.0
covid,3,synthetic_only_internal_cv,Fixed_Sep_medium_sep0.5_anchor0.0,CatBoost,0.5069767441860465,0.6981132075471698,0.5232919254658386,0.5144230769230769,0.6442307692307693,4.0
covid,3,synthetic_only_internal_cv,Fixed_Sep_medium_sep0.5_anchor0.0,XGBoost,0.5411255411255411,0.6981132075471698,0.553030303030303,0.5403846153846154,0.6230769230769231,4.0
covid,3,synthetic_only_internal_cv,Fixed_Sep_medium_sep0.5_anchor0.0,CatBoost,0.3977272727272727,0.660377358490566,0.3645833333333333,0.4375,0.6326923076923077,5.0
covid,3,synthetic_only_internal_cv,Fixed_Sep_medium_sep0.5_anchor0.0,XGBoost,0.5190562613430127,0.7169811320754716,0.549645390070922,0.5269230769230769,0.6961538461538461,5.0
covid,3,train_synthetic_test_real_cv,Fixed_Sep_high_sep1.0_anchor0.0,CatBoost,0.5819376026272578,0.7164179104477612,0.5992424242424242,0.5770588235294117,0.7094117647058824,
covid,3,train_synthetic_test_real_cv,Fixed_Sep_high_sep1.0_anchor0.0,XGBoost,0.5664705882352942,0.6716417910447762,0.5664705882352942,0.5664705882352942,0.6588235294117647,
covid,3,synthetic_only_internal_cv,Fixed_Sep_high_sep1.0_anchor0.0,CatBoost,0.625,0.7407407407407407,0.6342494714587738,0.6191369606003753,0.8386491557223263,1.0
covid,3,synthetic_only_internal_cv,Fixed_Sep_high_sep1.0_anchor0.0,XGBoost,0.6616867469879518,0.7592592592592593,0.6666666666666667,0.6575984990619137,0.8142589118198873,1.0
covid,3,synthetic_only_internal_cv,Fixed_Sep_high_sep1.0_anchor0.0,CatBoost,0.5575903614457831,0.6851851851851852,0.56553911205074,0.5553571428571429,0.6607142857142857,2.0
covid,3,synthetic_only_internal_cv,Fixed_Sep_high_sep1.0_anchor0.0,XGBoost,0.5440900562851783,0.6666666666666666,0.5476190476190476,0.5428571428571429,0.7214285714285714,2.0
covid,3,synthetic_only_internal_cv,Fixed_Sep_high_sep1.0_anchor0.0,CatBoost,0.7705627705627706,0.8490566037735849,0.8207070707070707,0.7442307692307693,0.9346153846153846,3.0
covid,3,synthetic_only_internal_cv,Fixed_Sep_high_sep1.0_anchor0.0,XGBoost,0.7132034632034632,0.8113207547169812,0.7537878787878788,0.6932692307692307,0.8903846153846153,3.0
covid,3,synthetic_only_internal_cv,Fixed_Sep_high_sep1.0_anchor0.0,CatBoost,0.81679012345679,0.8679245283018868,0.8262195121951219,0.8086538461538462,0.8750000000000001,4.0
covid,3,synthetic_only_internal_cv,Fixed_Sep_high_sep1.0_anchor0.0,XGBoost,0.8384146341463414,0.8867924528301887,0.8614718614718615,0.8211538461538461,0.9019230769230769,4.0
covid,3,synthetic_only_internal_cv,Fixed_Sep_high_sep1.0_anchor0.0,CatBoost,0.7306910569105691,0.8113207547169812,0.7467532467532467,0.7192307692307692,0.7730769230769231,5.0
covid,3,synthetic_only_internal_cv,Fixed_Sep_high_sep1.0_anchor0.0,XGBoost,0.6074074074074074,0.7169811320754716,0.6107723577235773,0.6048076923076923,0.7365384615384616,5.0
covid,3,train_synthetic_test_real_cv,Fixed_Anchor_low_sep0.0_anchor0.25,CatBoost,0.510551948051948,0.7313432835820896,0.5790322580645162,0.5288235294117647,0.6341176470588235,
covid,3,train_synthetic_test_real_cv,Fixed_Anchor_low_sep0.0_anchor0.25,XGBoost,0.5013709361535448,0.7164179104477612,0.5437158469945355,0.5188235294117647,0.6705882352941176,
covid,3,synthetic_only_internal_cv,Fixed_Anchor_low_sep0.0_anchor0.25,CatBoost,0.5090909090909091,0.7037037037037037,0.5258358662613982,0.5159474671669794,0.5909943714821764,1.0
covid,3,synthetic_only_internal_cv,Fixed_Anchor_low_sep0.0_anchor0.25,XGBoost,0.5304347826086957,0.6851851851851852,0.5363636363636364,0.5300187617260788,0.575984990619137,1.0
covid,3,synthetic_only_internal_cv,Fixed_Anchor_low_sep0.0_anchor0.25,CatBoost,0.5704545454545454,0.7407407407407407,0.6354166666666667,0.5696428571428571,0.6053571428571429,2.0
covid,3,synthetic_only_internal_cv,Fixed_Anchor_low_sep0.0_anchor0.25,XGBoost,0.5090909090909091,0.7037037037037037,0.5416666666666666,0.5214285714285715,0.6,2.0
covid,3,synthetic_only_internal_cv,Fixed_Anchor_low_sep0.0_anchor0.25,CatBoost,0.4613821138211382,0.6226415094339622,0.45995670995671,0.46442307692307694,0.4403846153846154,3.0
covid,3,synthetic_only_internal_cv,Fixed_Anchor_low_sep0.0_anchor0.25,XGBoost,0.35915808329601434,0.49056603773584906,0.36908783783783783,0.35096153846153844,0.35961538461538467,3.0
covid,3,synthetic_only_internal_cv,Fixed_Anchor_low_sep0.0_anchor0.25,CatBoost,0.39080459770114945,0.6415094339622641,0.3617021276595745,0.425,0.44423076923076926,4.0
covid,3,synthetic_only_internal_cv,Fixed_Anchor_low_sep0.0_anchor0.25,XGBoost,0.4453488372093023,0.660377358490566,0.4409937888198757,0.4634615384615385,0.4721153846153846,4.0
covid,3,synthetic_only_internal_cv,Fixed_Anchor_low_sep0.0_anchor0.25,CatBoost,0.4847222222222222,0.7358490566037735,0.5466666666666666,0.5134615384615384,0.5230769230769231,5.0
covid,3,synthetic_only_internal_cv,Fixed_Anchor_low_sep0.0_anchor0.25,XGBoost,0.4745538664904164,0.7169811320754716,0.5025510204081632,0.5009615384615385,0.5211538461538462,5.0
covid,3,train_synthetic_test_real_cv,Fixed_Anchor_medium_sep0.0_anchor0.5,CatBoost,0.6134615384615385,0.7313432835820896,0.628917378917379,0.6064705882352941,0.7294117647058823,
covid,3,train_synthetic_test_real_cv,Fixed_Anchor_medium_sep0.0_anchor0.5,XGBoost,0.625944170771757,0.746268656716418,0.65,0.6164705882352941,0.7447058823529411,
covid,3,synthetic_only_internal_cv,Fixed_Anchor_medium_sep0.0_anchor0.5,CatBoost,0.4764059469941823,0.7222222222222222,0.505,0.50187617260788,0.5947467166979361,1.0
covid,3,synthetic_only_internal_cv,Fixed_Anchor_medium_sep0.0_anchor0.5,XGBoost,0.5209934949733885,0.7222222222222222,0.5520833333333334,0.5281425891181989,0.6435272045028142,1.0
covid,3,synthetic_only_internal_cv,Fixed_Anchor_medium_sep0.0_anchor0.5,CatBoost,0.5090909090909091,0.7037037037037037,0.5416666666666666,0.5214285714285715,0.5964285714285715,2.0
covid,3,synthetic_only_internal_cv,Fixed_Anchor_medium_sep0.0_anchor0.5,XGBoost,0.4862579281183932,0.6666666666666666,0.4945652173913043,0.49642857142857144,0.5642857142857143,2.0
covid,3,synthetic_only_internal_cv,Fixed_Anchor_medium_sep0.0_anchor0.5,CatBoost,0.5686046511627907,0.7358490566037735,0.6055900621118012,0.5653846153846154,0.6673076923076924,3.0
covid,3,synthetic_only_internal_cv,Fixed_Anchor_medium_sep0.0_anchor0.5,XGBoost,0.5835515976951283,0.7169811320754716,0.5953488372093023,0.5788461538461538,0.7673076923076922,3.0
covid,3,synthetic_only_internal_cv,Fixed_Anchor_medium_sep0.0_anchor0.5,CatBoost,0.5315656565656566,0.7358490566037735,0.5854166666666667,0.539423076923077,0.6711538461538462,4.0
covid,3,synthetic_only_internal_cv,Fixed_Anchor_medium_sep0.0_anchor0.5,XGBoost,0.5831820931639443,0.7547169811320755,0.6436170212765957,0.5778846153846154,0.7,4.0
covid,3,synthetic_only_internal_cv,Fixed_Anchor_medium_sep0.0_anchor0.5,CatBoost,0.6146728354263054,0.7924528301886793,0.7729591836734694,0.6028846153846154,0.5192307692307692,5.0
covid,3,synthetic_only_internal_cv,Fixed_Anchor_medium_sep0.0_anchor0.5,XGBoost,0.5984848484848485,0.7358490566037735,0.6199494949494949,0.5913461538461539,0.6000000000000001,5.0
covid,3,train_synthetic_test_real_cv,Fixed_Balanced_low_sep0.25_anchor0.25,CatBoost,0.625944170771757,0.746268656716418,0.65,0.6164705882352941,0.7011764705882353,
covid,3,train_synthetic_test_real_cv,Fixed_Balanced_low_sep0.25_anchor0.25,XGBoost,0.6699507389162561,0.7761194029850746,0.7007575757575758,0.6558823529411765,0.668235294117647,
covid,3,synthetic_only_internal_cv,Fixed_Balanced_low_sep0.25_anchor0.25,CatBoost,0.6,0.7777777777777778,0.6979591836734693,0.5909943714821764,0.6529080675422139,1.0
covid,3,synthetic_only_internal_cv,Fixed_Balanced_low_sep0.25_anchor0.25,XGBoost,0.5333333333333333,0.7407407407407407,0.5877551020408163,0.5403377110694184,0.624765478424015,1.0
covid,3,synthetic_only_internal_cv,Fixed_Balanced_low_sep0.25_anchor0.25,CatBoost,0.5090909090909091,0.7037037037037037,0.5416666666666666,0.5214285714285715,0.6473214285714286,2.0
covid,3,synthetic_only_internal_cv,Fixed_Balanced_low_sep0.25_anchor0.25,XGBoost,0.4477272727272727,0.6666666666666666,0.44791666666666663,0.4732142857142857,0.7258928571428572,2.0
covid,3,synthetic_only_internal_cv,Fixed_Balanced_low_sep0.25_anchor0.25,CatBoost,0.49523809523809526,0.6792452830188679,0.5027777777777778,0.5019230769230769,0.6096153846153847,3.0
covid,3,synthetic_only_internal_cv,Fixed_Balanced_low_sep0.25_anchor0.25,XGBoost,0.5069767441860465,0.6981132075471698,0.5232919254658386,0.5144230769230769,0.6115384615384615,3.0
covid,3,synthetic_only_internal_cv,Fixed_Balanced_low_sep0.25_anchor0.25,CatBoost,0.5152439024390244,0.660377358490566,0.5173160173160173,0.5153846153846154,0.4634615384615385,4.0
covid,3,synthetic_only_internal_cv,Fixed_Balanced_low_sep0.25_anchor0.25,XGBoost,0.4358543417366947,0.6415094339622641,0.42916666666666664,0.4509615384615384,0.47692307692307695,4.0
covid,3,synthetic_only_internal_cv,Fixed_Balanced_low_sep0.25_anchor0.25,CatBoost,0.5835515976951283,0.7169811320754716,0.5953488372093023,0.5788461538461538,0.6951923076923077,5.0
covid,3,synthetic_only_internal_cv,Fixed_Balanced_low_sep0.25_anchor0.25,XGBoost,0.4781997187060478,0.6037735849056604,0.47893772893772896,0.47788461538461535,0.6644230769230769,5.0
covid,3,train_synthetic_test_real_cv,Fixed_Balanced_medium_sep0.5_anchor0.25,CatBoost,0.643282179768243,0.746268656716418,0.6556603773584906,0.6358823529411765,0.6270588235294117,
covid,3,train_synthetic_test_real_cv,Fixed_Balanced_medium_sep0.5_anchor0.25,XGBoost,0.5894607843137255,0.7014925373134329,0.5942307692307692,0.5864705882352941,0.6576470588235294,
covid,3,synthetic_only_internal_cv,Fixed_Balanced_medium_sep0.5_anchor0.25,CatBoost,0.4477272727272727,0.6666666666666666,0.44376899696048633,0.4652908067542214,0.6435272045028143,1.0
covid,3,synthetic_only_internal_cv,Fixed_Balanced_medium_sep0.5_anchor0.25,XGBoost,0.4477272727272727,0.6666666666666666,0.44376899696048633,0.4652908067542214,0.6172607879924953,1.0
covid,3,synthetic_only_internal_cv,Fixed_Balanced_medium_sep0.5_anchor0.25,CatBoost,0.5848610289769367,0.7592592592592593,0.6877551020408164,0.5821428571428571,0.60625,2.0
covid,3,synthetic_only_internal_cv,Fixed_Balanced_medium_sep0.5_anchor0.25,XGBoost,0.5704545454545454,0.7407407407407407,0.6354166666666667,0.5696428571428571,0.6973214285714286,2.0
covid,3,synthetic_only_internal_cv,Fixed_Balanced_medium_sep0.5_anchor0.25,CatBoost,0.6302325581395349,0.7735849056603774,0.687888198757764,0.6163461538461539,0.6826923076923077,3.0
covid,3,synthetic_only_internal_cv,Fixed_Balanced_medium_sep0.5_anchor0.25,XGBoost,0.5984848484848485,0.7358490566037735,0.6199494949494949,0.5913461538461539,0.7336538461538461,3.0
covid,3,synthetic_only_internal_cv,Fixed_Balanced_medium_sep0.5_anchor0.25,CatBoost,0.5315656565656566,0.7358490566037735,0.5854166666666667,0.539423076923077,0.6884615384615385,4.0
covid,3,synthetic_only_internal_cv,Fixed_Balanced_medium_sep0.5_anchor0.25,XGBoost,0.5835515976951283,0.7169811320754716,0.5953488372093023,0.5788461538461538,0.7057692307692307,4.0
covid,3,synthetic_only_internal_cv,Fixed_Balanced_medium_sep0.5_anchor0.25,CatBoost,0.46464646464646464,0.6981132075471698,0.475,0.4884615384615385,0.7134615384615385,5.0
covid,3,synthetic_only_internal_cv,Fixed_Balanced_medium_sep0.5_anchor0.25,XGBoost,0.5190562613430127,0.7169811320754716,0.549645390070922,0.5269230769230769,0.6596153846153846,5.0
covid,3,train_synthetic_test_real_cv,Fixed_Balanced_high_sep1.0_anchor0.5,CatBoost,0.6180618061806181,0.7164179104477612,0.6207107843137255,0.6158823529411764,0.748235294117647,
covid,3,train_synthetic_test_real_cv,Fixed_Balanced_high_sep1.0_anchor0.5,XGBoost,0.6326754385964912,0.7014925373134329,0.6273291925465838,0.6447058823529412,0.7164705882352941,
covid,3,synthetic_only_internal_cv,Fixed_Balanced_high_sep1.0_anchor0.5,CatBoost,0.8480300187617261,0.8888888888888888,0.8480300187617261,0.8480300187617261,0.8724202626641652,1.0
covid,3,synthetic_only_internal_cv,Fixed_Balanced_high_sep1.0_anchor0.5,XGBoost,0.7321428571428572,0.8148148148148148,0.7484143763213531,0.7204502814258912,0.8705440900562852,1.0
covid,3,synthetic_only_internal_cv,Fixed_Balanced_high_sep1.0_anchor0.5,CatBoost,0.6318181818181818,0.7777777777777778,0.7291666666666666,0.6178571428571429,0.9267857142857142,2.0
covid,3,synthetic_only_internal_cv,Fixed_Balanced_high_sep1.0_anchor0.5,XGBoost,0.6748768472906403,0.7962962962962963,0.7613981762917933,0.6535714285714286,0.9125,2.0
covid,3,synthetic_only_internal_cv,Fixed_Balanced_high_sep1.0_anchor0.5,CatBoost,0.6768292682926829,0.7735849056603774,0.6893939393939394,0.6682692307692308,0.7865384615384616,3.0
covid,3,synthetic_only_internal_cv,Fixed_Balanced_high_sep1.0_anchor0.5,XGBoost,0.6390780513357779,0.7547169811320755,0.6569767441860466,0.6298076923076923,0.7769230769230769,3.0
covid,3,synthetic_only_internal_cv,Fixed_Balanced_high_sep1.0_anchor0.5,CatBoost,0.6229674796747967,0.7358490566037735,0.6320346320346321,0.6173076923076923,0.7538461538461538,4.0
covid,3,synthetic_only_internal_cv,Fixed_Balanced_high_sep1.0_anchor0.5,XGBoost,0.6229674796747967,0.7358490566037735,0.6320346320346321,0.6173076923076923,0.7288461538461539,4.0
covid,3,synthetic_only_internal_cv,Fixed_Balanced_high_sep1.0_anchor0.5,CatBoost,0.7120987654320987,0.7924528301886793,0.7184959349593496,0.7067307692307692,0.8076923076923077,5.0
covid,3,synthetic_only_internal_cv,Fixed_Balanced_high_sep1.0_anchor0.5,XGBoost,0.7863860277653381,0.8301886792452831,0.7719594594594594,0.8096153846153846,0.8230769230769232,5.0
covid,4,train_real_test_real_cv,Real,CatBoost,0.5705128205128205,0.7014925373134329,0.5811965811965812,0.5670588235294117,0.6764705882352942,
covid,4,train_real_test_real_cv,Real,XGBoost,0.5936657681940701,0.7313432835820896,0.6201298701298701,0.5870588235294117,0.6164705882352941,
covid,4,train_synthetic_test_real_cv,Standard_CTGAN,CatBoost,0.4582210242587601,0.6417910447761194,0.45698051948051943,0.4688235294117647,0.39058823529411757,
covid,4,train_synthetic_test_real_cv,Standard_CTGAN,XGBoost,0.4416666666666667,0.6716417910447762,0.4380952380952381,0.46941176470588236,0.4435294117647059,
covid,4,synthetic_only_internal_cv,Standard_CTGAN,CatBoost,0.46964285714285714,0.5925925925925926,0.4795454545454545,0.4861111111111111,0.5138888888888888,1.0
covid,4,synthetic_only_internal_cv,Standard_CTGAN,XGBoost,0.5521606285464863,0.6481481481481481,0.5761099365750528,0.5555555555555556,0.5,1.0
covid,4,synthetic_only_internal_cv,Standard_CTGAN,CatBoost,0.4578786556089044,0.5740740740740741,0.4619450317124736,0.4722222222222222,0.4567901234567901,2.0
covid,4,synthetic_only_internal_cv,Standard_CTGAN,XGBoost,0.4578786556089044,0.5740740740740741,0.4619450317124736,0.4722222222222222,0.45679012345679015,2.0
covid,4,synthetic_only_internal_cv,Standard_CTGAN,CatBoost,0.3614457831325301,0.5660377358490566,0.3191489361702128,0.4166666666666667,0.3790849673202615,3.0
covid,4,synthetic_only_internal_cv,Standard_CTGAN,XGBoost,0.35365853658536583,0.5471698113207547,0.31521739130434784,0.4027777777777778,0.43137254901960786,3.0
covid,4,synthetic_only_internal_cv,Standard_CTGAN,CatBoost,0.4169722367731796,0.6037735849056604,0.4131205673758865,0.45996732026143794,0.3251633986928105,4.0
covid,4,synthetic_only_internal_cv,Standard_CTGAN,XGBoost,0.4394230769230769,0.5849056603773585,0.44065656565656564,0.4616013071895425,0.42810457516339867,4.0
covid,4,synthetic_only_internal_cv,Standard_CTGAN,CatBoost,0.5490371697268249,0.6415094339622641,0.5619918699186992,0.5498366013071896,0.5392156862745098,5.0
covid,4,synthetic_only_internal_cv,Standard_CTGAN,XGBoost,0.5815789473684211,0.660377358490566,0.5932692307692308,0.579248366013072,0.5261437908496732,5.0
covid,4,train_synthetic_test_real_cv,SepAware_VariedGrid_Best,CatBoost,0.620242914979757,0.6865671641791045,0.6156565656565657,0.6347058823529412,0.6717647058823529,
covid,4,train_synthetic_test_real_cv,SepAware_VariedGrid_Best,XGBoost,0.5958562811434566,0.6567164179104478,0.5944767441860466,0.6147058823529412,0.64,
covid,4,synthetic_only_internal_cv,SepAware_VariedGrid_Best,CatBoost,0.640920716112532,0.7592592592592593,0.6590909090909092,0.6313320825515948,0.8236397748592871,1.0
covid,4,synthetic_only_internal_cv,SepAware_VariedGrid_Best,XGBoost,0.6961636828644502,0.7962962962962963,0.7204545454545455,0.6819887429643527,0.8236397748592871,1.0
covid,4,synthetic_only_internal_cv,SepAware_VariedGrid_Best,CatBoost,0.7467166979362101,0.8148148148148148,0.7619047619047619,0.7357142857142858,0.8803571428571428,2.0
covid,4,synthetic_only_internal_cv,SepAware_VariedGrid_Best,XGBoost,0.728395061728395,0.7962962962962963,0.7345215759849906,0.7232142857142857,0.8732142857142857,2.0
covid,4,synthetic_only_internal_cv,SepAware_VariedGrid_Best,CatBoost,0.81679012345679,0.8679245283018868,0.8262195121951219,0.8086538461538462,0.9211538461538461,3.0
covid,4,synthetic_only_internal_cv,SepAware_VariedGrid_Best,XGBoost,0.8140350877192982,0.8490566037735849,0.7957516339869282,0.8480769230769231,0.9365384615384615,3.0
covid,4,synthetic_only_internal_cv,SepAware_VariedGrid_Best,CatBoost,0.6768292682926829,0.7735849056603774,0.6893939393939394,0.6682692307692308,0.7923076923076923,4.0
covid,4,synthetic_only_internal_cv,SepAware_VariedGrid_Best,XGBoost,0.5691056910569106,0.6981132075471698,0.5746753246753247,0.5663461538461538,0.7403846153846154,4.0
covid,4,synthetic_only_internal_cv,SepAware_VariedGrid_Best,CatBoost,0.6918604651162791,0.8113207547169812,0.7701863354037267,0.6673076923076923,0.8807692307692307,5.0
covid,4,synthetic_only_internal_cv,SepAware_VariedGrid_Best,XGBoost,0.6918604651162791,0.8113207547169812,0.7701863354037267,0.6673076923076923,0.8692307692307693,5.0
covid,4,train_synthetic_test_real_cv,Fixed_Realism_only_sep0.0_anchor0.0,CatBoost,0.510551948051948,0.7313432835820896,0.5790322580645162,0.5288235294117647,0.4647058823529412,
covid,4,train_synthetic_test_real_cv,Fixed_Realism_only_sep0.0_anchor0.0,XGBoost,0.5129802699896158,0.6865671641791045,0.5271929824561403,0.518235294117647,0.4505882352941177,
covid,4,synthetic_only_internal_cv,Fixed_Realism_only_sep0.0_anchor0.0,CatBoost,0.41935483870967744,0.7222222222222222,0.375,0.47560975609756095,0.47842401500938087,1.0
covid,4,synthetic_only_internal_cv,Fixed_Realism_only_sep0.0_anchor0.0,XGBoost,0.41935483870967744,0.7222222222222222,0.375,0.47560975609756095,0.5666041275797374,1.0
covid,4,synthetic_only_internal_cv,Fixed_Realism_only_sep0.0_anchor0.0,CatBoost,0.5333333333333333,0.7407407407407407,0.63,0.5464285714285714,0.6375000000000001,2.0
covid,4,synthetic_only_internal_cv,Fixed_Realism_only_sep0.0_anchor0.0,XGBoost,0.5209934949733885,0.7222222222222222,0.5775510204081633,0.5339285714285714,0.5392857142857143,2.0
covid,4,synthetic_only_internal_cv,Fixed_Realism_only_sep0.0_anchor0.0,CatBoost,0.48376623376623373,0.660377358490566,0.4861111111111111,0.4894230769230769,0.3961538461538462,3.0
covid,4,synthetic_only_internal_cv,Fixed_Realism_only_sep0.0_anchor0.0,XGBoost,0.4613821138211382,0.6226415094339622,0.45995670995671,0.46442307692307694,0.4153846153846154,3.0
covid,4,synthetic_only_internal_cv,Fixed_Realism_only_sep0.0_anchor0.0,CatBoost,0.5062111801242236,0.7735849056603774,0.8846153846153846,0.5384615384615384,0.4326923076923077,4.0
covid,4,synthetic_only_internal_cv,Fixed_Realism_only_sep0.0_anchor0.0,XGBoost,0.4745538664904164,0.7169811320754716,0.5025510204081632,0.5009615384615385,0.43653846153846154,4.0
covid,4,synthetic_only_internal_cv,Fixed_Realism_only_sep0.0_anchor0.0,CatBoost,0.46464646464646464,0.6981132075471698,0.475,0.4884615384615385,0.6673076923076923,5.0
covid,4,synthetic_only_internal_cv,Fixed_Realism_only_sep0.0_anchor0.0,XGBoost,0.5446133509583608,0.7547169811320755,0.6377551020408163,0.551923076923077,0.6192307692307693,5.0
covid,4,train_synthetic_test_real_cv,Fixed_Sep_low_sep0.25_anchor0.0,CatBoost,0.5328440366972478,0.7164179104477612,0.5688559322033898,0.538235294117647,0.48705882352941177,
covid,4,train_synthetic_test_real_cv,Fixed_Sep_low_sep0.25_anchor0.0,XGBoost,0.5328440366972478,0.7164179104477612,0.5688559322033898,0.538235294117647,0.46,
covid,4,synthetic_only_internal_cv,Fixed_Sep_low_sep0.25_anchor0.0,CatBoost,0.5209934949733885,0.7222222222222222,0.5520833333333334,0.5281425891181989,0.6116322701688556,1.0
covid,4,synthetic_only_internal_cv,Fixed_Sep_low_sep0.25_anchor0.0,XGBoost,0.5209934949733885,0.7222222222222222,0.5520833333333334,0.5281425891181989,0.626641651031895,1.0
covid,4,synthetic_only_internal_cv,Fixed_Sep_low_sep0.25_anchor0.0,CatBoost,0.5462184873949579,0.7592592592592593,0.7156862745098038,0.5589285714285714,0.6089285714285715,2.0
covid,4,synthetic_only_internal_cv,Fixed_Sep_low_sep0.25_anchor0.0,XGBoost,0.4666666666666667,0.7037037037037037,0.495,0.4982142857142857,0.5571428571428572,2.0
covid,4,synthetic_only_internal_cv,Fixed_Sep_low_sep0.25_anchor0.0,CatBoost,0.5190562613430127,0.7169811320754716,0.549645390070922,0.5269230769230769,0.6346153846153847,3.0
covid,4,synthetic_only_internal_cv,Fixed_Sep_low_sep0.25_anchor0.0,XGBoost,0.4264069264069264,0.6226415094339622,0.4191919191919192,0.43846153846153846,0.5653846153846154,3.0
covid,4,synthetic_only_internal_cv,Fixed_Sep_low_sep0.25_anchor0.0,CatBoost,0.4358543417366947,0.6415094339622641,0.42916666666666664,0.4509615384615384,0.47307692307692306,4.0
covid,4,synthetic_only_internal_cv,Fixed_Sep_low_sep0.25_anchor0.0,XGBoost,0.4847222222222222,0.7358490566037735,0.5466666666666666,0.5134615384615384,0.4211538461538462,4.0
covid,4,synthetic_only_internal_cv,Fixed_Sep_low_sep0.25_anchor0.0,CatBoost,0.46464646464646464,0.6981132075471698,0.475,0.4884615384615385,0.5461538461538462,5.0
covid,4,synthetic_only_internal_cv,Fixed_Sep_low_sep0.25_anchor0.0,XGBoost,0.5069767441860465,0.6981132075471698,0.5232919254658386,0.5144230769230769,0.5115384615384616,5.0
covid,4,train_synthetic_test_real_cv,Fixed_Sep_medium_sep0.5_anchor0.0,CatBoost,0.548406862745098,0.6716417910447762,0.5512820512820513,0.5470588235294118,0.6105882352941177,
covid,4,train_synthetic_test_real_cv,Fixed_Sep_medium_sep0.5_anchor0.0,XGBoost,0.5332961827807189,0.6268656716417911,0.5329787234042553,0.5364705882352941,0.6070588235294118,
covid,4,synthetic_only_internal_cv,Fixed_Sep_medium_sep0.5_anchor0.0,CatBoost,0.6331521739130435,0.8148148148148148,0.9019607843137255,0.6153846153846154,0.6885553470919326,1.0
covid,4,synthetic_only_internal_cv,Fixed_Sep_medium_sep0.5_anchor0.0,XGBoost,0.6331521739130435,0.8148148148148148,0.9019607843137255,0.6153846153846154,0.6848030018761726,1.0
covid,4,synthetic_only_internal_cv,Fixed_Sep_medium_sep0.5_anchor0.0,CatBoost,0.5333333333333333,0.7407407407407407,0.63,0.5464285714285714,0.6098214285714285,2.0
covid,4,synthetic_only_internal_cv,Fixed_Sep_medium_sep0.5_anchor0.0,XGBoost,0.4065934065934066,0.6851851851851852,0.3627450980392157,0.4625,0.56875,2.0
covid,4,synthetic_only_internal_cv,Fixed_Sep_medium_sep0.5_anchor0.0,CatBoost,0.49523809523809526,0.6792452830188679,0.5027777777777778,0.5019230769230769,0.5557692307692308,3.0
covid,4,synthetic_only_internal_cv,Fixed_Sep_medium_sep0.5_anchor0.0,XGBoost,0.5691056910569106,0.6981132075471698,0.5746753246753247,0.5663461538461538,0.6230769230769231,3.0
covid,4,synthetic_only_internal_cv,Fixed_Sep_medium_sep0.5_anchor0.0,CatBoost,0.5691056910569106,0.6981132075471698,0.5746753246753247,0.5663461538461538,0.6692307692307693,4.0
covid,4,synthetic_only_internal_cv,Fixed_Sep_medium_sep0.5_anchor0.0,XGBoost,0.750130958617077,0.8301886792452831,0.7802325581395348,0.7317307692307693,0.7365384615384616,4.0
covid,4,synthetic_only_internal_cv,Fixed_Sep_medium_sep0.5_anchor0.0,CatBoost,0.5550617283950617,0.6792452830188679,0.556910569105691,0.5538461538461539,0.5980769230769231,5.0
covid,4,synthetic_only_internal_cv,Fixed_Sep_medium_sep0.5_anchor0.0,XGBoost,0.5278949835911861,0.6415094339622641,0.5274725274725275,0.5288461538461539,0.5865384615384616,5.0
covid,4,train_synthetic_test_real_cv,Fixed_Sep_high_sep1.0_anchor0.0,CatBoost,0.5939393939393939,0.6417910447761194,0.5976851851851852,0.6241176470588236,0.6635294117647059,
covid,4,train_synthetic_test_real_cv,Fixed_Sep_high_sep1.0_anchor0.0,XGBoost,0.5607133490689746,0.6268656716417911,0.562015503875969,0.5752941176470588,0.6070588235294118,
covid,4,synthetic_only_internal_cv,Fixed_Sep_high_sep1.0_anchor0.0,CatBoost,0.7145877378435518,0.8148148148148148,0.7555555555555555,0.6941838649155723,0.727016885553471,1.0
covid,4,synthetic_only_internal_cv,Fixed_Sep_high_sep1.0_anchor0.0,XGBoost,0.7514066496163683,0.8333333333333334,0.7818181818181817,0.7326454033771107,0.7701688555347093,1.0
covid,4,synthetic_only_internal_cv,Fixed_Sep_high_sep1.0_anchor0.0,CatBoost,0.728395061728395,0.7962962962962963,0.7345215759849906,0.7232142857142857,0.782142857142857,2.0
covid,4,synthetic_only_internal_cv,Fixed_Sep_high_sep1.0_anchor0.0,XGBoost,0.6464426014840681,0.7222222222222222,0.6435897435897435,0.65,0.7214285714285714,2.0
covid,4,synthetic_only_internal_cv,Fixed_Sep_high_sep1.0_anchor0.0,CatBoost,0.7327731092436975,0.8301886792452831,0.7972222222222223,0.7057692307692307,0.8538461538461538,3.0
covid,4,synthetic_only_internal_cv,Fixed_Sep_high_sep1.0_anchor0.0,XGBoost,0.7306910569105691,0.8113207547169812,0.7467532467532467,0.7192307692307692,0.8615384615384616,3.0
covid,4,synthetic_only_internal_cv,Fixed_Sep_high_sep1.0_anchor0.0,CatBoost,0.7644444444444445,0.8301886792452831,0.7723577235772358,0.7576923076923077,0.8653846153846154,4.0
covid,4,synthetic_only_internal_cv,Fixed_Sep_high_sep1.0_anchor0.0,XGBoost,0.750130958617077,0.8301886792452831,0.7802325581395348,0.7317307692307693,0.8403846153846154,4.0
covid,4,synthetic_only_internal_cv,Fixed_Sep_high_sep1.0_anchor0.0,CatBoost,0.792156862745098,0.8679245283018868,0.8708333333333333,0.7567307692307692,0.8317307692307692,5.0
covid,4,synthetic_only_internal_cv,Fixed_Sep_high_sep1.0_anchor0.0,XGBoost,0.7534883720930232,0.8490566037735849,0.8524844720496894,0.7182692307692308,0.8682692307692308,5.0
covid,4,train_synthetic_test_real_cv,Fixed_Anchor_low_sep0.0_anchor0.25,CatBoost,0.5129802699896158,0.6865671641791045,0.5271929824561403,0.518235294117647,0.5105882352941177,
covid,4,train_synthetic_test_real_cv,Fixed_Anchor_low_sep0.0_anchor0.25,XGBoost,0.5033692722371967,0.6716417910447762,0.5113636363636364,0.508235294117647,0.48470588235294115,
covid,4,synthetic_only_internal_cv,Fixed_Anchor_low_sep0.0_anchor0.25,CatBoost,0.41935483870967744,0.7222222222222222,0.375,0.47560975609756095,0.551594746716698,1.0
covid,4,synthetic_only_internal_cv,Fixed_Anchor_low_sep0.0_anchor0.25,XGBoost,0.4,0.6666666666666666,0.3673469387755102,0.43902439024390244,0.5553470919324578,1.0
covid,4,synthetic_only_internal_cv,Fixed_Anchor_low_sep0.0_anchor0.25,CatBoost,0.37209302325581395,0.5925925925925926,0.34782608695652173,0.4,0.27321428571428574,2.0
covid,4,synthetic_only_internal_cv,Fixed_Anchor_low_sep0.0_anchor0.25,XGBoost,0.39325842696629215,0.6481481481481481,0.35714285714285715,0.4375,0.33571428571428574,2.0
covid,4,synthetic_only_internal_cv,Fixed_Anchor_low_sep0.0_anchor0.25,CatBoost,0.4175824175824176,0.7169811320754716,0.37254901960784315,0.475,0.37115384615384617,3.0
covid,4,synthetic_only_internal_cv,Fixed_Anchor_low_sep0.0_anchor0.25,XGBoost,0.4111111111111111,0.6981132075471698,0.37,0.4625,0.3826923076923077,3.0
covid,4,synthetic_only_internal_cv,Fixed_Anchor_low_sep0.0_anchor0.25,CatBoost,0.5190562613430127,0.7169811320754716,0.549645390070922,0.5269230769230769,0.5923076923076924,4.0
covid,4,synthetic_only_internal_cv,Fixed_Anchor_low_sep0.0_anchor0.25,XGBoost,0.3977272727272727,0.660377358490566,0.3645833333333333,0.4375,0.4615384615384616,4.0
covid,4,synthetic_only_internal_cv,Fixed_Anchor_low_sep0.0_anchor0.25,CatBoost,0.4847222222222222,0.7358490566037735,0.5466666666666666,0.5134615384615384,0.551923076923077,5.0
covid,4,synthetic_only_internal_cv,Fixed_Anchor_low_sep0.0_anchor0.25,XGBoost,0.45493042952208107,0.6792452830188679,0.4556737588652482,0.47596153846153844,0.5461538461538462,5.0
covid,4,train_synthetic_test_real_cv,Fixed_Anchor_medium_sep0.0_anchor0.5,CatBoost,0.4939244663382594,0.6567164179104478,0.49772727272727274,0.49823529411764705,0.588235294117647,
covid,4,train_synthetic_test_real_cv,Fixed_Anchor_medium_sep0.0_anchor0.5,XGBoost,0.4344954128440367,0.6567164179104478,0.4269067796610169,0.45941176470588235,0.5541176470588235,
covid,4,synthetic_only_internal_cv,Fixed_Anchor_medium_sep0.0_anchor0.5,CatBoost,0.4477272727272727,0.6666666666666666,0.44376899696048633,0.4652908067542214,0.5572232645403378,1.0
covid,4,synthetic_only_internal_cv,Fixed_Anchor_medium_sep0.0_anchor0.5,XGBoost,0.4571259609698403,0.6851851851851852,0.4583333333333333,0.47748592870544093,0.5309568480300187,1.0
covid,4,synthetic_only_internal_cv,Fixed_Anchor_medium_sep0.0_anchor0.5,CatBoost,0.36470588235294116,0.5740740740740741,0.34444444444444444,0.3875,0.34464285714285714,2.0
covid,4,synthetic_only_internal_cv,Fixed_Anchor_medium_sep0.0_anchor0.5,XGBoost,0.39325842696629215,0.6481481481481481,0.35714285714285715,0.4375,0.4107142857142857,2.0
covid,4,synthetic_only_internal_cv,Fixed_Anchor_medium_sep0.0_anchor0.5,CatBoost,0.49523809523809526,0.6792452830188679,0.5027777777777778,0.5019230769230769,0.3903846153846154,3.0
covid,4,synthetic_only_internal_cv,Fixed_Anchor_medium_sep0.0_anchor0.5,XGBoost,0.48376623376623373,0.660377358490566,0.4861111111111111,0.4894230769230769,0.40961538461538466,3.0
covid,4,synthetic_only_internal_cv,Fixed_Anchor_medium_sep0.0_anchor0.5,CatBoost,0.3977272727272727,0.660377358490566,0.3645833333333333,0.4375,0.43846153846153846,4.0
covid,4,synthetic_only_internal_cv,Fixed_Anchor_medium_sep0.0_anchor0.5,XGBoost,0.45493042952208107,0.6792452830188679,0.4556737588652482,0.47596153846153844,0.4634615384615385,4.0
covid,4,synthetic_only_internal_cv,Fixed_Anchor_medium_sep0.0_anchor0.5,CatBoost,0.4745538664904164,0.7169811320754716,0.5025510204081632,0.5009615384615385,0.5461538461538462,5.0
covid,4,synthetic_only_internal_cv,Fixed_Anchor_medium_sep0.0_anchor0.5,XGBoost,0.45493042952208107,0.6792452830188679,0.4556737588652482,0.47596153846153844,0.4461538461538461,5.0
covid,4,train_synthetic_test_real_cv,Fixed_Balanced_low_sep0.25_anchor0.25,CatBoost,0.5819376026272578,0.7164179104477612,0.5992424242424242,0.5770588235294117,0.628235294117647,
covid,4,train_synthetic_test_real_cv,Fixed_Balanced_low_sep0.25_anchor0.25,XGBoost,0.4939244663382594,0.6567164179104478,0.49772727272727274,0.49823529411764705,0.6094117647058824,
covid,4,synthetic_only_internal_cv,Fixed_Balanced_low_sep0.25_anchor0.25,CatBoost,0.4975369458128079,0.6851851851851852,0.5054347826086957,0.5037523452157598,0.47654784240150094,1.0
covid,4,synthetic_only_internal_cv,Fixed_Balanced_low_sep0.25_anchor0.25,XGBoost,0.4291754756871036,0.6296296296296297,0.42222222222222217,0.44090056285178236,0.549718574108818,1.0
covid,4,synthetic_only_internal_cv,Fixed_Balanced_low_sep0.25_anchor0.25,CatBoost,0.46428571428571425,0.6296296296296297,0.4636363636363636,0.4714285714285714,0.5071428571428571,2.0
covid,4,synthetic_only_internal_cv,Fixed_Balanced_low_sep0.25_anchor0.25,XGBoost,0.5178571428571428,0.6666666666666666,0.525,0.5196428571428571,0.43392857142857144,2.0
covid,4,synthetic_only_internal_cv,Fixed_Balanced_low_sep0.25_anchor0.25,CatBoost,0.48376623376623373,0.660377358490566,0.4861111111111111,0.4894230769230769,0.33461538461538465,3.0
covid,4,synthetic_only_internal_cv,Fixed_Balanced_low_sep0.25_anchor0.25,XGBoost,0.49523809523809526,0.6792452830188679,0.5027777777777778,0.5019230769230769,0.4192307692307693,3.0
covid,4,synthetic_only_internal_cv,Fixed_Balanced_low_sep0.25_anchor0.25,CatBoost,0.46464646464646464,0.6981132075471698,0.475,0.4884615384615385,0.4807692307692308,4.0
covid,4,synthetic_only_internal_cv,Fixed_Balanced_low_sep0.25_anchor0.25,XGBoost,0.49523809523809526,0.6792452830188679,0.5027777777777778,0.5019230769230769,0.4576923076923077,4.0
covid,4,synthetic_only_internal_cv,Fixed_Balanced_low_sep0.25_anchor0.25,CatBoost,0.4847222222222222,0.7358490566037735,0.5466666666666666,0.5134615384615384,0.5057692307692307,5.0
covid,4,synthetic_only_internal_cv,Fixed_Balanced_low_sep0.25_anchor0.25,XGBoost,0.4745538664904164,0.7169811320754716,0.5025510204081632,0.5009615384615385,0.4923076923076923,5.0
covid,4,train_synthetic_test_real_cv,Fixed_Balanced_medium_sep0.5_anchor0.25,CatBoost,0.5778577857785778,0.6865671641791045,0.579656862745098,0.5764705882352942,0.6835294117647059,
covid,4,train_synthetic_test_real_cv,Fixed_Balanced_medium_sep0.5_anchor0.25,XGBoost,0.5073529411764706,0.6417910447761194,0.5083333333333333,0.5076470588235295,0.6152941176470588,
covid,4,synthetic_only_internal_cv,Fixed_Balanced_medium_sep0.5_anchor0.25,CatBoost,0.5075987841945289,0.7777777777777778,0.8867924528301887,0.5384615384615384,0.5947467166979362,1.0
covid,4,synthetic_only_internal_cv,Fixed_Balanced_medium_sep0.5_anchor0.25,XGBoost,0.5333333333333333,0.7407407407407407,0.5877551020408163,0.5403377110694184,0.5909943714821765,1.0
covid,4,synthetic_only_internal_cv,Fixed_Balanced_medium_sep0.5_anchor0.25,CatBoost,0.6307692307692307,0.7037037037037037,0.6266447368421053,0.6375,0.7196428571428571,2.0
covid,4,synthetic_only_internal_cv,Fixed_Balanced_medium_sep0.5_anchor0.25,XGBoost,0.5993016150152771,0.6851851851851852,0.5974358974358974,0.6017857142857143,0.6696428571428572,2.0
covid,4,synthetic_only_internal_cv,Fixed_Balanced_medium_sep0.5_anchor0.25,CatBoost,0.5583333333333333,0.7735849056603774,0.7233333333333334,0.5644230769230769,0.6596153846153847,3.0
covid,4,synthetic_only_internal_cv,Fixed_Balanced_medium_sep0.5_anchor0.25,XGBoost,0.6146728354263054,0.7924528301886793,0.7729591836734694,0.6028846153846154,0.6423076923076924,3.0
covid,4,synthetic_only_internal_cv,Fixed_Balanced_medium_sep0.5_anchor0.25,CatBoost,0.45493042952208107,0.6792452830188679,0.4556737588652482,0.47596153846153844,0.5788461538461538,4.0
covid,4,synthetic_only_internal_cv,Fixed_Balanced_medium_sep0.5_anchor0.25,XGBoost,0.4358543417366947,0.6415094339622641,0.42916666666666664,0.4509615384615384,0.5346153846153847,4.0
covid,4,synthetic_only_internal_cv,Fixed_Balanced_medium_sep0.5_anchor0.25,CatBoost,0.39080459770114945,0.6415094339622641,0.3617021276595745,0.425,0.6307692307692307,5.0
covid,4,synthetic_only_internal_cv,Fixed_Balanced_medium_sep0.5_anchor0.25,XGBoost,0.4358543417366947,0.6415094339622641,0.42916666666666664,0.4509615384615384,0.6807692307692308,5.0
covid,4,train_synthetic_test_real_cv,Fixed_Balanced_high_sep1.0_anchor0.5,CatBoost,0.620242914979757,0.6865671641791045,0.6156565656565657,0.6347058823529412,0.6717647058823529,
covid,4,train_synthetic_test_real_cv,Fixed_Balanced_high_sep1.0_anchor0.5,XGBoost,0.5958562811434566,0.6567164179104478,0.5944767441860466,0.6147058823529412,0.64,
covid,4,synthetic_only_internal_cv,Fixed_Balanced_high_sep1.0_anchor0.5,CatBoost,0.640920716112532,0.7592592592592593,0.6590909090909092,0.6313320825515948,0.8236397748592871,1.0
covid,4,synthetic_only_internal_cv,Fixed_Balanced_high_sep1.0_anchor0.5,XGBoost,0.6961636828644502,0.7962962962962963,0.7204545454545455,0.6819887429643527,0.8236397748592871,1.0
covid,4,synthetic_only_internal_cv,Fixed_Balanced_high_sep1.0_anchor0.5,CatBoost,0.7467166979362101,0.8148148148148148,0.7619047619047619,0.7357142857142858,0.8803571428571428,2.0
covid,4,synthetic_only_internal_cv,Fixed_Balanced_high_sep1.0_anchor0.5,XGBoost,0.728395061728395,0.7962962962962963,0.7345215759849906,0.7232142857142857,0.8732142857142857,2.0
covid,4,synthetic_only_internal_cv,Fixed_Balanced_high_sep1.0_anchor0.5,CatBoost,0.81679012345679,0.8679245283018868,0.8262195121951219,0.8086538461538462,0.9211538461538461,3.0
covid,4,synthetic_only_internal_cv,Fixed_Balanced_high_sep1.0_anchor0.5,XGBoost,0.8140350877192982,0.8490566037735849,0.7957516339869282,0.8480769230769231,0.9365384615384615,3.0
covid,4,synthetic_only_internal_cv,Fixed_Balanced_high_sep1.0_anchor0.5,CatBoost,0.6768292682926829,0.7735849056603774,0.6893939393939394,0.6682692307692308,0.7923076923076923,4.0
covid,4,synthetic_only_internal_cv,Fixed_Balanced_high_sep1.0_anchor0.5,XGBoost,0.5691056910569106,0.6981132075471698,0.5746753246753247,0.5663461538461538,0.7403846153846154,4.0
covid,4,synthetic_only_internal_cv,Fixed_Balanced_high_sep1.0_anchor0.5,CatBoost,0.6918604651162791,0.8113207547169812,0.7701863354037267,0.6673076923076923,0.8807692307692307,5.0
covid,4,synthetic_only_internal_cv,Fixed_Balanced_high_sep1.0_anchor0.5,XGBoost,0.6918604651162791,0.8113207547169812,0.7701863354037267,0.6673076923076923,0.8692307692307693,5.0
covid,5,train_real_test_real_cv,Real,CatBoost,0.4476062939404084,0.6212121212121212,0.4448476052249637,0.4525,0.5575,
covid,5,train_real_test_real_cv,Real,XGBoost,0.505,0.6363636363636364,0.505,0.505,0.50875,
covid,5,train_synthetic_test_real_cv,Standard_CTGAN,CatBoost,0.42525399129172714,0.6363636363636364,0.41607142857142854,0.44125,0.5675,
covid,5,train_synthetic_test_real_cv,Standard_CTGAN,XGBoost,0.49179779042517574,0.6515151515151515,0.4927431059506532,0.49375,0.5625,
covid,5,synthetic_only_internal_cv,Standard_CTGAN,CatBoost,0.4578786556089044,0.5740740740740741,0.46818181818181814,0.4789473684210527,0.4330827067669173,1.0
covid,5,synthetic_only_internal_cv,Standard_CTGAN,XGBoost,0.48148148148148145,0.6111111111111112,0.5135869565217391,0.5075187969924811,0.5067669172932331,1.0
covid,5,synthetic_only_internal_cv,Standard_CTGAN,CatBoost,0.43209876543209874,0.5740740740740741,0.43333333333333335,0.45833333333333337,0.5663580246913581,2.0
covid,5,synthetic_only_internal_cv,Standard_CTGAN,XGBoost,0.5115131578947368,0.5925925925925926,0.5160714285714286,0.5138888888888888,0.4922839506172839,2.0
covid,5,synthetic_only_internal_cv,Standard_CTGAN,CatBoost,0.4214285714285714,0.5555555555555556,0.4181818181818182,0.4444444444444444,0.4290123456790123,3.0
covid,5,synthetic_only_internal_cv,Standard_CTGAN,XGBoost,0.4214285714285714,0.5555555555555556,0.4181818181818182,0.4444444444444444,0.45679012345679015,3.0
covid,5,synthetic_only_internal_cv,Standard_CTGAN,CatBoost,0.5971283783783784,0.660377358490566,0.608974358974359,0.5944444444444444,0.5253968253968254,4.0
covid,5,synthetic_only_internal_cv,Standard_CTGAN,XGBoost,0.5523648648648649,0.6226415094339622,0.5604395604395604,0.5523809523809524,0.47460317460317464,4.0
covid,5,synthetic_only_internal_cv,Standard_CTGAN,CatBoost,0.5490371697268249,0.6415094339622641,0.5725108225108225,0.5531746031746032,0.584126984126984,5.0
covid,5,synthetic_only_internal_cv,Standard_CTGAN,XGBoost,0.4285044538209095,0.5660377358490566,0.4292929292929293,0.4555555555555556,0.5460317460317461,5.0
covid,5,train_synthetic_test_real_cv,SepAware_VariedGrid_Best,CatBoost,0.4325233644859813,0.6515151515151515,0.42397660818713445,0.45125,0.51,
covid,5,train_synthetic_test_real_cv,SepAware_VariedGrid_Best,XGBoost,0.4907407407407407,0.696969696969697,0.5043103448275862,0.5025,0.5375,
covid,5,synthetic_only_internal_cv,SepAware_VariedGrid_Best,CatBoost,0.5462184873949579,0.7592592592592593,0.64,0.5525328330206378,0.776735459662289,1.0
covid,5,synthetic_only_internal_cv,SepAware_VariedGrid_Best,XGBoost,0.6,0.7777777777777778,0.6979591836734693,0.5909943714821764,0.6885553470919324,1.0
covid,5,synthetic_only_internal_cv,SepAware_VariedGrid_Best,CatBoost,0.6575052854122622,0.7777777777777778,0.7146739130434783,0.6410714285714286,0.7053571428571428,2.0
covid,5,synthetic_only_internal_cv,SepAware_VariedGrid_Best,XGBoost,0.5055421686746988,0.6481481481481481,0.5084566596194503,0.5071428571428571,0.6232142857142857,2.0
covid,5,synthetic_only_internal_cv,SepAware_VariedGrid_Best,CatBoost,0.7137349397590362,0.7962962962962963,0.7367864693446089,0.7,0.8035714285714285,3.0
covid,5,synthetic_only_internal_cv,SepAware_VariedGrid_Best,XGBoost,0.6960600375234521,0.7777777777777778,0.7083333333333334,0.6875,0.7696428571428572,3.0
covid,5,synthetic_only_internal_cv,SepAware_VariedGrid_Best,CatBoost,0.659753086419753,0.7547169811320755,0.6646341463414633,0.6557692307692308,0.8846153846153846,4.0
covid,5,synthetic_only_internal_cv,SepAware_VariedGrid_Best,XGBoost,0.6302325581395349,0.7735849056603774,0.687888198757764,0.6163461538461539,0.8692307692307693,4.0
covid,5,synthetic_only_internal_cv,SepAware_VariedGrid_Best,CatBoost,0.6918604651162791,0.8113207547169812,0.7701863354037267,0.6673076923076923,0.7326923076923076,5.0
covid,5,synthetic_only_internal_cv,SepAware_VariedGrid_Best,XGBoost,0.647307924984876,0.7924528301886793,0.7375886524822695,0.6288461538461538,0.675,5.0
covid,5,train_synthetic_test_real_cv,Fixed_Realism_only_sep0.0_anchor0.0,CatBoost,0.5013736263736264,0.6666666666666666,0.5046296296296297,0.5037499999999999,0.48124999999999996,
covid,5,train_synthetic_test_real_cv,Fixed_Realism_only_sep0.0_anchor0.0,XGBoost,0.5013736263736264,0.6666666666666666,0.5046296296296297,0.5037499999999999,0.54125,
covid,5,synthetic_only_internal_cv,Fixed_Realism_only_sep0.0_anchor0.0,CatBoost,0.4571259609698403,0.6851851851851852,0.4583333333333333,0.47748592870544093,0.6191369606003753,1.0
covid,5,synthetic_only_internal_cv,Fixed_Realism_only_sep0.0_anchor0.0,XGBoost,0.5848610289769367,0.7592592592592593,0.6458333333333333,0.5787992495309568,0.6247654784240151,1.0
covid,5,synthetic_only_internal_cv,Fixed_Realism_only_sep0.0_anchor0.0,CatBoost,0.4862579281183932,0.6666666666666666,0.4945652173913043,0.49642857142857144,0.4625,2.0
covid,5,synthetic_only_internal_cv,Fixed_Realism_only_sep0.0_anchor0.0,XGBoost,0.4975369458128079,0.6851851851851852,0.5151975683890577,0.5089285714285714,0.5357142857142858,2.0
covid,5,synthetic_only_internal_cv,Fixed_Realism_only_sep0.0_anchor0.0,CatBoost,0.5433403805496828,0.7037037037037037,0.5679347826086957,0.5446428571428571,0.4857142857142857,3.0
covid,5,synthetic_only_internal_cv,Fixed_Realism_only_sep0.0_anchor0.0,XGBoost,0.5055421686746988,0.6481481481481481,0.5084566596194503,0.5071428571428571,0.5107142857142857,3.0
covid,5,synthetic_only_internal_cv,Fixed_Realism_only_sep0.0_anchor0.0,CatBoost,0.4394230769230769,0.5849056603773585,0.4394230769230769,0.4394230769230769,0.5028846153846154,4.0
covid,5,synthetic_only_internal_cv,Fixed_Realism_only_sep0.0_anchor0.0,XGBoost,0.4613821138211382,0.6226415094339622,0.45995670995671,0.46442307692307694,0.5490384615384616,4.0
covid,5,synthetic_only_internal_cv,Fixed_Realism_only_sep0.0_anchor0.0,CatBoost,0.4111111111111111,0.6981132075471698,0.37,0.4625,0.46538461538461545,5.0
covid,5,synthetic_only_internal_cv,Fixed_Realism_only_sep0.0_anchor0.0,XGBoost,0.4111111111111111,0.6981132075471698,0.37,0.4625,0.46153846153846156,5.0
covid,5,train_synthetic_test_real_cv,Fixed_Sep_low_sep0.25_anchor0.0,CatBoost,0.509090909090909,0.7272727272727273,0.55,0.5225,0.48124999999999996,
covid,5,train_synthetic_test_real_cv,Fixed_Sep_low_sep0.25_anchor0.0,XGBoost,0.4907407407407407,0.696969696969697,0.5043103448275862,0.5025,0.5175000000000001,
covid,5,synthetic_only_internal_cv,Fixed_Sep_low_sep0.25_anchor0.0,CatBoost,0.43842364532019706,0.6481481481481481,0.4320652173913043,0.4530956848030019,0.6791744840525329,1.0
covid,5,synthetic_only_internal_cv,Fixed_Sep_low_sep0.25_anchor0.0,XGBoost,0.4477272727272727,0.6666666666666666,0.44376899696048633,0.4652908067542214,0.5703564727954972,1.0
covid,5,synthetic_only_internal_cv,Fixed_Sep_low_sep0.25_anchor0.0,CatBoost,0.4764059469941823,0.7222222222222222,0.5392156862745098,0.5107142857142857,0.5267857142857143,2.0
covid,5,synthetic_only_internal_cv,Fixed_Sep_low_sep0.25_anchor0.0,XGBoost,0.4975369458128079,0.6851851851851852,0.5151975683890577,0.5089285714285714,0.4321428571428571,2.0
covid,5,synthetic_only_internal_cv,Fixed_Sep_low_sep0.25_anchor0.0,CatBoost,0.5055421686746988,0.6481481481481481,0.5084566596194503,0.5071428571428571,0.3928571428571428,3.0
covid,5,synthetic_only_internal_cv,Fixed_Sep_low_sep0.25_anchor0.0,XGBoost,0.4751918158567775,0.6481481481481481,0.47777777777777775,0.4839285714285714,0.4071428571428571,3.0
covid,5,synthetic_only_internal_cv,Fixed_Sep_low_sep0.25_anchor0.0,CatBoost,0.45493042952208107,0.6792452830188679,0.4556737588652482,0.47596153846153844,0.5307692307692308,4.0
covid,5,synthetic_only_internal_cv,Fixed_Sep_low_sep0.25_anchor0.0,XGBoost,0.5546218487394958,0.7169811320754716,0.5763888888888888,0.5528846153846154,0.5307692307692308,4.0
covid,5,synthetic_only_internal_cv,Fixed_Sep_low_sep0.25_anchor0.0,CatBoost,0.4044943820224719,0.6792452830188679,0.3673469387755102,0.45,0.5961538461538461,5.0
covid,5,synthetic_only_internal_cv,Fixed_Sep_low_sep0.25_anchor0.0,XGBoost,0.4745538664904164,0.7169811320754716,0.5025510204081632,0.5009615384615385,0.6326923076923078,5.0
covid,5,train_synthetic_test_real_cv,Fixed_Sep_medium_sep0.5_anchor0.0,CatBoost,0.4545454545454546,0.696969696969697,0.4583333333333333,0.48125,0.50125,
covid,5,train_synthetic_test_real_cv,Fixed_Sep_medium_sep0.5_anchor0.0,XGBoost,0.49980055843637816,0.7121212121212122,0.5242130750605327,0.5125,0.5175,
covid,5,synthetic_only_internal_cv,Fixed_Sep_medium_sep0.5_anchor0.0,CatBoost,0.38636363636363635,0.6296296296296297,0.3617021276595745,0.4146341463414634,0.5806754221388368,1.0
covid,5,synthetic_only_internal_cv,Fixed_Sep_medium_sep0.5_anchor0.0,XGBoost,0.4199488491048593,0.6111111111111112,0.41363636363636364,0.42870544090056284,0.49812382739212013,1.0
covid,5,synthetic_only_internal_cv,Fixed_Sep_medium_sep0.5_anchor0.0,CatBoost,0.4764059469941823,0.7222222222222222,0.5392156862745098,0.5107142857142857,0.6785714285714286,2.0
covid,5,synthetic_only_internal_cv,Fixed_Sep_medium_sep0.5_anchor0.0,XGBoost,0.5462184873949579,0.7592592592592593,0.7156862745098038,0.5589285714285714,0.6035714285714286,2.0
covid,5,synthetic_only_internal_cv,Fixed_Sep_medium_sep0.5_anchor0.0,CatBoost,0.4571259609698403,0.6851851851851852,0.46734693877551026,0.4857142857142857,0.5214285714285714,3.0
covid,5,synthetic_only_internal_cv,Fixed_Sep_medium_sep0.5_anchor0.0,XGBoost,0.4571259609698403,0.6851851851851852,0.46734693877551026,0.4857142857142857,0.4232142857142857,3.0
covid,5,synthetic_only_internal_cv,Fixed_Sep_medium_sep0.5_anchor0.0,CatBoost,0.46464646464646464,0.6981132075471698,0.475,0.4884615384615385,0.45576923076923076,4.0
covid,5,synthetic_only_internal_cv,Fixed_Sep_medium_sep0.5_anchor0.0,XGBoost,0.49523809523809526,0.6792452830188679,0.5027777777777778,0.5019230769230769,0.4711538461538462,4.0
covid,5,synthetic_only_internal_cv,Fixed_Sep_medium_sep0.5_anchor0.0,CatBoost,0.5686046511627907,0.7358490566037735,0.6055900621118012,0.5653846153846154,0.6711538461538462,5.0
covid,5,synthetic_only_internal_cv,Fixed_Sep_medium_sep0.5_anchor0.0,XGBoost,0.5546218487394958,0.7169811320754716,0.5763888888888888,0.5528846153846154,0.6365384615384616,5.0
covid,5,train_synthetic_test_real_cv,Fixed_Sep_high_sep1.0_anchor0.0,CatBoost,0.4325233644859813,0.6515151515151515,0.42397660818713445,0.45125,0.51,
covid,5,train_synthetic_test_real_cv,Fixed_Sep_high_sep1.0_anchor0.0,XGBoost,0.4907407407407407,0.696969696969697,0.5043103448275862,0.5025,0.5375,
covid,5,synthetic_only_internal_cv,Fixed_Sep_high_sep1.0_anchor0.0,CatBoost,0.5462184873949579,0.7592592592592593,0.64,0.5525328330206378,0.776735459662289,1.0
covid,5,synthetic_only_internal_cv,Fixed_Sep_high_sep1.0_anchor0.0,XGBoost,0.6,0.7777777777777778,0.6979591836734693,0.5909943714821764,0.6885553470919324,1.0
covid,5,synthetic_only_internal_cv,Fixed_Sep_high_sep1.0_anchor0.0,CatBoost,0.6575052854122622,0.7777777777777778,0.7146739130434783,0.6410714285714286,0.7053571428571428,2.0
covid,5,synthetic_only_internal_cv,Fixed_Sep_high_sep1.0_anchor0.0,XGBoost,0.5055421686746988,0.6481481481481481,0.5084566596194503,0.5071428571428571,0.6232142857142857,2.0
covid,5,synthetic_only_internal_cv,Fixed_Sep_high_sep1.0_anchor0.0,CatBoost,0.7137349397590362,0.7962962962962963,0.7367864693446089,0.7,0.8035714285714285,3.0
covid,5,synthetic_only_internal_cv,Fixed_Sep_high_sep1.0_anchor0.0,XGBoost,0.6960600375234521,0.7777777777777778,0.7083333333333334,0.6875,0.7696428571428572,3.0
covid,5,synthetic_only_internal_cv,Fixed_Sep_high_sep1.0_anchor0.0,CatBoost,0.659753086419753,0.7547169811320755,0.6646341463414633,0.6557692307692308,0.8846153846153846,4.0
covid,5,synthetic_only_internal_cv,Fixed_Sep_high_sep1.0_anchor0.0,XGBoost,0.6302325581395349,0.7735849056603774,0.687888198757764,0.6163461538461539,0.8692307692307693,4.0
covid,5,synthetic_only_internal_cv,Fixed_Sep_high_sep1.0_anchor0.0,CatBoost,0.6918604651162791,0.8113207547169812,0.7701863354037267,0.6673076923076923,0.7326923076923076,5.0
covid,5,synthetic_only_internal_cv,Fixed_Sep_high_sep1.0_anchor0.0,XGBoost,0.647307924984876,0.7924528301886793,0.7375886524822695,0.6288461538461538,0.675,5.0
covid,5,train_synthetic_test_real_cv,Fixed_Anchor_low_sep0.0_anchor0.25,CatBoost,0.4545454545454546,0.696969696969697,0.4583333333333333,0.48125,0.5075000000000001,
covid,5,train_synthetic_test_real_cv,Fixed_Anchor_low_sep0.0_anchor0.25,XGBoost,0.531214953271028,0.7121212121212122,0.5526315789473684,0.53375,0.535,
covid,5,synthetic_only_internal_cv,Fixed_Anchor_low_sep0.0_anchor0.25,CatBoost,0.4291754756871036,0.6296296296296297,0.42222222222222217,0.44090056285178236,0.42213883677298314,1.0
covid,5,synthetic_only_internal_cv,Fixed_Anchor_low_sep0.0_anchor0.25,XGBoost,0.4862579281183932,0.6666666666666666,0.4888888888888889,0.4915572232645403,0.4165103189493433,1.0
covid,5,synthetic_only_internal_cv,Fixed_Anchor_low_sep0.0_anchor0.25,CatBoost,0.4571259609698403,0.6851851851851852,0.46734693877551026,0.4857142857142857,0.525,2.0
covid,5,synthetic_only_internal_cv,Fixed_Anchor_low_sep0.0_anchor0.25,XGBoost,0.4571259609698403,0.6851851851851852,0.46734693877551026,0.4857142857142857,0.5053571428571428,2.0
covid,5,synthetic_only_internal_cv,Fixed_Anchor_low_sep0.0_anchor0.25,CatBoost,0.6004228329809725,0.7407407407407407,0.6413043478260869,0.5928571428571429,0.6517857142857143,3.0
covid,5,synthetic_only_internal_cv,Fixed_Anchor_low_sep0.0_anchor0.25,XGBoost,0.6318181818181818,0.7777777777777778,0.7291666666666666,0.6178571428571429,0.7678571428571428,3.0
covid,5,synthetic_only_internal_cv,Fixed_Anchor_low_sep0.0_anchor0.25,CatBoost,0.46464646464646464,0.6981132075471698,0.475,0.4884615384615385,0.5192307692307692,4.0
covid,5,synthetic_only_internal_cv,Fixed_Anchor_low_sep0.0_anchor0.25,XGBoost,0.5411255411255411,0.6981132075471698,0.553030303030303,0.5403846153846154,0.5269230769230769,4.0
covid,5,synthetic_only_internal_cv,Fixed_Anchor_low_sep0.0_anchor0.25,CatBoost,0.5069767441860465,0.6981132075471698,0.5232919254658386,0.5144230769230769,0.4115384615384615,5.0
covid,5,synthetic_only_internal_cv,Fixed_Anchor_low_sep0.0_anchor0.25,XGBoost,0.4358543417366947,0.6415094339622641,0.42916666666666664,0.4509615384615384,0.46538461538461534,5.0
covid,5,train_synthetic_test_real_cv,Fixed_Anchor_medium_sep0.0_anchor0.5,CatBoost,0.4471479856402074,0.6818181818181818,0.4443099273607748,0.47125,0.5925,
covid,5,train_synthetic_test_real_cv,Fixed_Anchor_medium_sep0.0_anchor0.5,XGBoost,0.5636363636363636,0.7575757575757576,0.6416666666666666,0.56375,0.59375,
covid,5,synthetic_only_internal_cv,Fixed_Anchor_medium_sep0.0_anchor0.5,CatBoost,0.4764059469941823,0.7222222222222222,0.505,0.50187617260788,0.7054409005628518,1.0
covid,5,synthetic_only_internal_cv,Fixed_Anchor_medium_sep0.0_anchor0.5,XGBoost,0.5209934949733885,0.7222222222222222,0.5520833333333334,0.5281425891181989,0.6960600375234522,1.0
covid,5,synthetic_only_internal_cv,Fixed_Anchor_medium_sep0.0_anchor0.5,CatBoost,0.41304347826086957,0.7037037037037037,0.36538461538461536,0.475,0.5625,2.0
covid,5,synthetic_only_internal_cv,Fixed_Anchor_medium_sep0.0_anchor0.5,XGBoost,0.41304347826086957,0.7037037037037037,0.36538461538461536,0.475,0.5375,2.0
covid,5,synthetic_only_internal_cv,Fixed_Anchor_medium_sep0.0_anchor0.5,CatBoost,0.5597826086956521,0.7777777777777778,0.8846153846153846,0.5714285714285714,0.6125,3.0
covid,5,synthetic_only_internal_cv,Fixed_Anchor_medium_sep0.0_anchor0.5,XGBoost,0.48641304347826086,0.7407407407407407,0.625,0.5232142857142857,0.6142857142857142,3.0
covid,5,synthetic_only_internal_cv,Fixed_Anchor_medium_sep0.0_anchor0.5,CatBoost,0.36904761904761907,0.5849056603773585,0.3522727272727273,0.3875,0.47692307692307695,4.0
covid,5,synthetic_only_internal_cv,Fixed_Anchor_medium_sep0.0_anchor0.5,XGBoost,0.4264069264069264,0.6226415094339622,0.4191919191919192,0.43846153846153846,0.4288461538461539,4.0
covid,5,synthetic_only_internal_cv,Fixed_Anchor_medium_sep0.0_anchor0.5,CatBoost,0.48376623376623373,0.660377358490566,0.4861111111111111,0.4894230769230769,0.44615384615384623,5.0
covid,5,synthetic_only_internal_cv,Fixed_Anchor_medium_sep0.0_anchor0.5,XGBoost,0.5280251440544788,0.6792452830188679,0.5337209302325582,0.5278846153846154,0.5192307692307692,5.0
covid,5,train_synthetic_test_real_cv,Fixed_Balanced_low_sep0.25_anchor0.25,CatBoost,0.49980055843637816,0.7121212121212122,0.5242130750605327,0.5125,0.49375,
covid,5,train_synthetic_test_real_cv,Fixed_Balanced_low_sep0.25_anchor0.25,XGBoost,0.5186615186615187,0.7424242424242424,0.5852459016393443,0.5325,0.5349999999999999,
covid,5,synthetic_only_internal_cv,Fixed_Balanced_low_sep0.25_anchor0.25,CatBoost,0.4975369458128079,0.6851851851851852,0.5054347826086957,0.5037523452157598,0.5928705440900562,1.0
covid,5,synthetic_only_internal_cv,Fixed_Balanced_low_sep0.25_anchor0.25,XGBoost,0.5304347826086957,0.6851851851851852,0.5363636363636364,0.5300187617260788,0.5909943714821764,1.0
covid,5,synthetic_only_internal_cv,Fixed_Balanced_low_sep0.25_anchor0.25,CatBoost,0.4764059469941823,0.7222222222222222,0.5392156862745098,0.5107142857142857,0.5428571428571429,2.0
covid,5,synthetic_only_internal_cv,Fixed_Balanced_low_sep0.25_anchor0.25,XGBoost,0.4065934065934066,0.6851851851851852,0.3627450980392157,0.4625,0.4571428571428572,2.0
covid,5,synthetic_only_internal_cv,Fixed_Balanced_low_sep0.25_anchor0.25,CatBoost,0.4477272727272727,0.6666666666666666,0.44791666666666663,0.4732142857142857,0.5946428571428571,3.0
covid,5,synthetic_only_internal_cv,Fixed_Balanced_low_sep0.25_anchor0.25,XGBoost,0.4571259609698403,0.6851851851851852,0.46734693877551026,0.4857142857142857,0.5660714285714286,3.0
covid,5,synthetic_only_internal_cv,Fixed_Balanced_low_sep0.25_anchor0.25,CatBoost,0.4847222222222222,0.7358490566037735,0.5466666666666666,0.5134615384615384,0.5480769230769231,4.0
covid,5,synthetic_only_internal_cv,Fixed_Balanced_low_sep0.25_anchor0.25,XGBoost,0.4847222222222222,0.7358490566037735,0.5466666666666666,0.5134615384615384,0.5230769230769231,4.0
covid,5,synthetic_only_internal_cv,Fixed_Balanced_low_sep0.25_anchor0.25,CatBoost,0.4745538664904164,0.7169811320754716,0.5025510204081632,0.5009615384615385,0.5826923076923077,5.0
covid,5,synthetic_only_internal_cv,Fixed_Balanced_low_sep0.25_anchor0.25,XGBoost,0.4453488372093023,0.660377358490566,0.4409937888198757,0.4634615384615385,0.6634615384615384,5.0
covid,5,train_synthetic_test_real_cv,Fixed_Balanced_medium_sep0.5_anchor0.25,CatBoost,0.4545454545454546,0.696969696969697,0.4583333333333333,0.48125,0.4925,
covid,5,train_synthetic_test_real_cv,Fixed_Balanced_medium_sep0.5_anchor0.25,XGBoost,0.462033462033462,0.7121212121212122,0.4770491803278688,0.49125,0.49,
covid,5,synthetic_only_internal_cv,Fixed_Balanced_medium_sep0.5_anchor0.25,CatBoost,0.5704545454545454,0.7407407407407407,0.60790273556231,0.5666041275797373,0.7711069418386491,1.0
covid,5,synthetic_only_internal_cv,Fixed_Balanced_medium_sep0.5_anchor0.25,XGBoost,0.5462184873949579,0.7592592592592593,0.64,0.5525328330206378,0.7204502814258912,1.0
covid,5,synthetic_only_internal_cv,Fixed_Balanced_medium_sep0.5_anchor0.25,CatBoost,0.4967741935483871,0.7592592592592593,0.8773584905660378,0.5357142857142857,0.5321428571428571,2.0
covid,5,synthetic_only_internal_cv,Fixed_Balanced_medium_sep0.5_anchor0.25,XGBoost,0.5090909090909091,0.7037037037037037,0.5416666666666666,0.5214285714285715,0.45892857142857146,2.0
covid,5,synthetic_only_internal_cv,Fixed_Balanced_medium_sep0.5_anchor0.25,CatBoost,0.4764059469941823,0.7222222222222222,0.5392156862745098,0.5107142857142857,0.675,3.0
covid,5,synthetic_only_internal_cv,Fixed_Balanced_medium_sep0.5_anchor0.25,XGBoost,0.4666666666666667,0.7037037037037037,0.495,0.4982142857142857,0.6232142857142857,3.0
covid,5,synthetic_only_internal_cv,Fixed_Balanced_medium_sep0.5_anchor0.25,CatBoost,0.5278949835911861,0.6415094339622641,0.5274725274725275,0.5288461538461539,0.4759615384615385,4.0
covid,5,synthetic_only_internal_cv,Fixed_Balanced_medium_sep0.5_anchor0.25,XGBoost,0.5280251440544788,0.6792452830188679,0.5337209302325582,0.5278846153846154,0.4836538461538462,4.0
covid,5,synthetic_only_internal_cv,Fixed_Balanced_medium_sep0.5_anchor0.25,CatBoost,0.5923076923076923,0.6981132075471698,0.5923076923076923,0.5923076923076923,0.6807692307692308,5.0
covid,5,synthetic_only_internal_cv,Fixed_Balanced_medium_sep0.5_anchor0.25,XGBoost,0.48376623376623373,0.660377358490566,0.4861111111111111,0.4894230769230769,0.6384615384615384,5.0
covid,5,train_synthetic_test_real_cv,Fixed_Balanced_high_sep1.0_anchor0.5,CatBoost,0.4545454545454546,0.696969696969697,0.4583333333333333,0.48125,0.52,
covid,5,train_synthetic_test_real_cv,Fixed_Balanced_high_sep1.0_anchor0.5,XGBoost,0.40540540540540543,0.6818181818181818,0.36885245901639346,0.45,0.5549999999999999,
covid,5,synthetic_only_internal_cv,Fixed_Balanced_high_sep1.0_anchor0.5,CatBoost,0.6666666666666666,0.8148148148148148,0.8081632653061225,0.6416510318949343,0.8142589118198875,1.0
covid,5,synthetic_only_internal_cv,Fixed_Balanced_high_sep1.0_anchor0.5,XGBoost,0.6487285629804849,0.7962962962962963,0.7395833333333333,0.6294559099437148,0.8630393996247656,1.0
covid,5,synthetic_only_internal_cv,Fixed_Balanced_high_sep1.0_anchor0.5,CatBoost,0.5597826086956521,0.7777777777777778,0.8846153846153846,0.5714285714285714,0.78125,2.0
covid,5,synthetic_only_internal_cv,Fixed_Balanced_high_sep1.0_anchor0.5,XGBoost,0.5704545454545454,0.7407407407407407,0.6354166666666667,0.5696428571428571,0.6741071428571429,2.0
covid,5,synthetic_only_internal_cv,Fixed_Balanced_high_sep1.0_anchor0.5,CatBoost,0.7467166979362101,0.8148148148148148,0.7619047619047619,0.7357142857142858,0.8803571428571428,3.0
covid,5,synthetic_only_internal_cv,Fixed_Balanced_high_sep1.0_anchor0.5,XGBoost,0.5856777493606138,0.7222222222222222,0.6111111111111112,0.5803571428571428,0.7821428571428571,3.0
covid,5,synthetic_only_internal_cv,Fixed_Balanced_high_sep1.0_anchor0.5,CatBoost,0.6946045049764275,0.7924528301886793,0.7186046511627907,0.6807692307692308,0.7923076923076923,4.0
covid,5,synthetic_only_internal_cv,Fixed_Balanced_high_sep1.0_anchor0.5,XGBoost,0.6390780513357779,0.7547169811320755,0.6569767441860466,0.6298076923076923,0.7576923076923077,4.0
covid,5,synthetic_only_internal_cv,Fixed_Balanced_high_sep1.0_anchor0.5,CatBoost,0.6942307692307692,0.7735849056603774,0.6942307692307692,0.6942307692307692,0.8134615384615385,5.0
covid,5,synthetic_only_internal_cv,Fixed_Balanced_high_sep1.0_anchor0.5,XGBoost,0.6768292682926829,0.7735849056603774,0.6893939393939394,0.6682692307692308,0.726923076923077,5.0
vigitel,1,train_real_test_real_cv,Real,CatBoost,0.458982317264159,0.829,0.5819124038783016,0.5017363571934799,0.6952019844082212,
vigitel,1,train_real_test_real_cv,Real,XGBoost,0.4762467032984061,0.831,0.7021291900445978,0.5099574769666902,0.6942593905031892,
vigitel,1,train_synthetic_test_real_cv,Standard_CTGAN,CatBoost,0.45295404814004375,0.828,0.4148296593186373,0.4987951807228916,0.5436853295535082,
vigitel,1,train_synthetic_test_real_cv,Standard_CTGAN,XGBoost,0.45325314379442316,0.829,0.4149149149149149,0.49939759036144576,0.5504819277108434,
vigitel,1,synthetic_only_internal_cv,Standard_CTGAN,CatBoost,0.4808565866320571,0.92625,0.4637046307884856,0.49932614555256066,0.5573241007528581,1.0
vigitel,1,synthetic_only_internal_cv,Standard_CTGAN,XGBoost,0.48119325551232167,0.9275,0.46375,0.5,0.5333441769681198,1.0
vigitel,1,synthetic_only_internal_cv,Standard_CTGAN,CatBoost,0.48119325551232167,0.9275,0.46375,0.5,0.5469142113579328,2.0
vigitel,1,synthetic_only_internal_cv,Standard_CTGAN,XGBoost,0.48119325551232167,0.9275,0.46375,0.5,0.5289757412398921,2.0
vigitel,1,synthetic_only_internal_cv,Standard_CTGAN,CatBoost,0.48119325551232167,0.9275,0.46375,0.5,0.5515150106887258,3.0
vigitel,1,synthetic_only_internal_cv,Standard_CTGAN,XGBoost,0.48119325551232167,0.9275,0.46375,0.5,0.5358304675155684,3.0
vigitel,1,synthetic_only_internal_cv,Standard_CTGAN,CatBoost,0.48119325551232167,0.9275,0.46375,0.5,0.5632493726182731,4.0
vigitel,1,synthetic_only_internal_cv,Standard_CTGAN,XGBoost,0.48119325551232167,0.9275,0.46375,0.5,0.5954084952133097,4.0
vigitel,1,synthetic_only_internal_cv,Standard_CTGAN,CatBoost,0.4808565866320571,0.92625,0.463125,0.5,0.586015233651273,5.0
vigitel,1,synthetic_only_internal_cv,Standard_CTGAN,XGBoost,0.4808565866320571,0.92625,0.463125,0.5,0.5858779935497153,5.0
vigitel,1,train_synthetic_test_real_cv,SepAware_VariedGrid_Best,CatBoost,0.5814177503393319,0.761,0.5805194805194805,0.582388377037562,0.65024805102764,
vigitel,1,train_synthetic_test_real_cv,SepAware_VariedGrid_Best,XGBoost,0.5794725075659006,0.766,0.5806686894620142,0.5783841247342311,0.6365698086463503,
vigitel,1,synthetic_only_internal_cv,SepAware_VariedGrid_Best,CatBoost,0.6714146220493188,0.8675,0.848056740860339,0.633681785967399,0.8161653968816441,1.0
vigitel,1,synthetic_only_internal_cv,SepAware_VariedGrid_Best,XGBoost,0.6586545299388423,0.865,0.8500439753737907,0.6234053862508859,0.8066087880935506,1.0
vigitel,1,synthetic_only_internal_cv,SepAware_VariedGrid_Best,CatBoost,0.6503258145363409,0.86375,0.8554028100677247,0.616805457122608,0.7846828490432317,2.0
vigitel,1,synthetic_only_internal_cv,SepAware_VariedGrid_Best,XGBoost,0.6668895043453347,0.86375,0.8225087638251039,0.6314227498228207,0.7803419560595323,2.0
vigitel,1,synthetic_only_internal_cv,SepAware_VariedGrid_Best,CatBoost,0.6297242083758937,0.855,0.8052631578947369,0.6027639971651311,0.7943169737774628,3.0
vigitel,1,synthetic_only_internal_cv,SepAware_VariedGrid_Best,XGBoost,0.6670154005377251,0.86125,0.802998156146599,0.6328401842664777,0.7871965804394047,3.0
vigitel,1,synthetic_only_internal_cv,SepAware_VariedGrid_Best,CatBoost,0.6607773851590106,0.86125,0.811638903231066,0.6269932671863926,0.7934532246633593,4.0
vigitel,1,synthetic_only_internal_cv,SepAware_VariedGrid_Best,XGBoost,0.679113742717983,0.86875,0.8442484850131797,0.6402817150956769,0.7784815733522324,4.0
vigitel,1,synthetic_only_internal_cv,SepAware_VariedGrid_Best,CatBoost,0.6624676029172443,0.86,0.8064609021178565,0.6288822098182338,0.7676894452334555,5.0
vigitel,1,synthetic_only_internal_cv,SepAware_VariedGrid_Best,XGBoost,0.6569567998139427,0.8525,0.7643816189757313,0.6272528101639308,0.7757153394766105,5.0
vigitel,1,train_synthetic_test_real_cv,Fixed_Realism_only_sep0.0_anchor0.0,CatBoost,0.5187605756244469,0.783,0.5361992624477362,0.5208008504606663,0.5264635010630758,
vigitel,1,train_synthetic_test_real_cv,Fixed_Realism_only_sep0.0_anchor0.0,XGBoost,0.49643968702412034,0.751,0.4989030799607016,0.49918497519489724,0.5181289865343728,
vigitel,1,synthetic_only_internal_cv,Fixed_Realism_only_sep0.0_anchor0.0,CatBoost,0.5832703197728151,0.845,0.7753246753246753,0.5704287739192062,0.7371545003543586,1.0
vigitel,1,synthetic_only_internal_cv,Fixed_Realism_only_sep0.0_anchor0.0,XGBoost,0.5763888888888888,0.8475,0.820446735395189,0.5660878809355068,0.7582831325301205,1.0
vigitel,1,synthetic_only_internal_cv,Fixed_Realism_only_sep0.0_anchor0.0,CatBoost,0.5844155844155844,0.84625,0.7874904959971376,0.571181785967399,0.7681055102763998,2.0
vigitel,1,synthetic_only_internal_cv,Fixed_Realism_only_sep0.0_anchor0.0,XGBoost,0.5890866241653322,0.85125,0.8458064516129031,0.5741938341601701,0.7685263111268604,2.0
vigitel,1,synthetic_only_internal_cv,Fixed_Realism_only_sep0.0_anchor0.0,CatBoost,0.5867327552715055,0.84875,0.8145033778927699,0.5726878100637846,0.7226368710134656,3.0
vigitel,1,synthetic_only_internal_cv,Fixed_Realism_only_sep0.0_anchor0.0,XGBoost,0.5741685125088,0.845,0.7898032200357781,0.5645818568391212,0.7174543763288448,3.0
vigitel,1,synthetic_only_internal_cv,Fixed_Realism_only_sep0.0_anchor0.0,CatBoost,0.6248457424928013,0.8575,0.8412686223314391,0.5984231041814316,0.7194033486888731,4.0
vigitel,1,synthetic_only_internal_cv,Fixed_Realism_only_sep0.0_anchor0.0,XGBoost,0.6388902323032033,0.86,0.8389970990468296,0.6086995038979447,0.7123051027639973,4.0
vigitel,1,synthetic_only_internal_cv,Fixed_Realism_only_sep0.0_anchor0.0,CatBoost,0.6014112633723686,0.84625,0.7739237929028504,0.582945249969724,0.7392740363972652,5.0
vigitel,1,synthetic_only_internal_cv,Fixed_Realism_only_sep0.0_anchor0.0,XGBoost,0.579885791787098,0.84125,0.7526041666666667,0.5683467098237386,0.7412557386795258,5.0
vigitel,1,train_synthetic_test_real_cv,Fixed_Sep_low_sep0.25_anchor0.0,CatBoost,0.5337444262758,0.787,0.5544747543004824,0.5325655563430192,0.59731396172927,
vigitel,1,train_synthetic_test_real_cv,Fixed_Sep_low_sep0.25_anchor0.0,XGBoost,0.5432766881527696,0.788,0.5641431738992715,0.5401842664776754,0.5959319631467045,
vigitel,1,synthetic_only_internal_cv,Fixed_Sep_low_sep0.25_anchor0.0,CatBoost,0.5899917662280922,0.8475,0.7926406926406926,0.5748582565556343,0.7425141743444366,1.0
vigitel,1,synthetic_only_internal_cv,Fixed_Sep_low_sep0.25_anchor0.0,XGBoost,0.5662401646238115,0.84125,0.7570073307460112,0.5593993621545004,0.7388155563430192,1.0
vigitel,1,synthetic_only_internal_cv,Fixed_Sep_low_sep0.25_anchor0.0,CatBoost,0.5356468722434746,0.84125,0.8210191082802548,0.5418586109142453,0.7029810418143161,2.0
vigitel,1,synthetic_only_internal_cv,Fixed_Sep_low_sep0.25_anchor0.0,XGBoost,0.5585982847129344,0.84375,0.8039305581025735,0.5550584691708008,0.7105111622962438,2.0
vigitel,1,synthetic_only_internal_cv,Fixed_Sep_low_sep0.25_anchor0.0,CatBoost,0.6208546163785945,0.85375,0.8076051149445644,0.5961640680368533,0.7370437632884479,3.0
vigitel,1,synthetic_only_internal_cv,Fixed_Sep_low_sep0.25_anchor0.0,XGBoost,0.6195450661765891,0.8525,0.7975549108992954,0.5954110559886605,0.7391920623671154,3.0
vigitel,1,synthetic_only_internal_cv,Fixed_Sep_low_sep0.25_anchor0.0,CatBoost,0.6195816224843801,0.85625,0.8380348465094227,0.5947466335931963,0.7263797838412475,4.0
vigitel,1,synthetic_only_internal_cv,Fixed_Sep_low_sep0.25_anchor0.0,XGBoost,0.6026317503745684,0.8475,0.7745782431646306,0.5836286321757619,0.7189493267186392,4.0
vigitel,1,synthetic_only_internal_cv,Fixed_Sep_low_sep0.25_anchor0.0,CatBoost,0.6208546163785945,0.85375,0.8175538103548574,0.5961565985181271,0.7785337605002697,5.0
vigitel,1,synthetic_only_internal_cv,Fixed_Sep_low_sep0.25_anchor0.0,XGBoost,0.6056338028169014,0.8425,0.7412982704064391,0.58647378097786,0.7713776133698849,5.0
vigitel,1,train_synthetic_test_real_cv,Fixed_Sep_medium_sep0.5_anchor0.0,CatBoost,0.5593671206273306,0.784,0.5745046029021688,0.5541459957476966,0.6361233167965981,
vigitel,1,train_synthetic_test_real_cv,Fixed_Sep_medium_sep0.5_anchor0.0,XGBoost,0.5581334437000026,0.779,0.5699446561170287,0.5534727143869596,0.6286180014174344,
vigitel,1,synthetic_only_internal_cv,Fixed_Sep_medium_sep0.5_anchor0.0,CatBoost,0.6054135338345865,0.84625,0.7610600087604029,0.5857990786676116,0.7514063607370659,1.0
vigitel,1,synthetic_only_internal_cv,Fixed_Sep_medium_sep0.5_anchor0.0,XGBoost,0.6310776942355889,0.85625,0.8149701809360154,0.603517009213324,0.7338434620836287,1.0
vigitel,1,synthetic_only_internal_cv,Fixed_Sep_medium_sep0.5_anchor0.0,CatBoost,0.5855696718527074,0.8475,0.8005181347150259,0.5719347980155918,0.743521881644224,2.0
vigitel,1,synthetic_only_internal_cv,Fixed_Sep_medium_sep0.5_anchor0.0,XGBoost,0.5907660450402891,0.84375,0.7547152194211018,0.5755226789510985,0.7426027639971651,2.0
vigitel,1,synthetic_only_internal_cv,Fixed_Sep_medium_sep0.5_anchor0.0,CatBoost,0.5830890495733176,0.84,0.7309482257126236,0.5703401842664777,0.7590804394046775,3.0
vigitel,1,synthetic_only_internal_cv,Fixed_Sep_medium_sep0.5_anchor0.0,XGBoost,0.5989974937343359,0.84375,0.7475824657164999,0.5813695960311835,0.7555700744153084,3.0
vigitel,1,synthetic_only_internal_cv,Fixed_Sep_medium_sep0.5_anchor0.0,CatBoost,0.6310776942355889,0.85625,0.8149701809360154,0.603517009213324,0.7379628809355068,4.0
vigitel,1,synthetic_only_internal_cv,Fixed_Sep_medium_sep0.5_anchor0.0,XGBoost,0.6280165532633798,0.85,0.7673278745242763,0.6026754075124026,0.7273210489014883,4.0
vigitel,1,synthetic_only_internal_cv,Fixed_Sep_medium_sep0.5_anchor0.0,CatBoost,0.6182640888523241,0.855,0.8373829560270238,0.5940152591075735,0.7200074864308441,5.0
vigitel,1,synthetic_only_internal_cv,Fixed_Sep_medium_sep0.5_anchor0.0,XGBoost,0.622028736932795,0.85125,0.7914473684210526,0.5975437901157094,0.7152624104105427,5.0
vigitel,1,train_synthetic_test_real_cv,Fixed_Sep_high_sep1.0_anchor0.0,CatBoost,0.5954288716668856,0.769,0.5943722943722944,0.5965627214741318,0.6596739900779589,
vigitel,1,train_synthetic_test_real_cv,Fixed_Sep_high_sep1.0_anchor0.0,XGBoost,0.5916700694160882,0.769,0.5914580379376265,0.5918851878100638,0.657710843373494,
vigitel,1,synthetic_only_internal_cv,Fixed_Sep_high_sep1.0_anchor0.0,CatBoost,0.6564402386836237,0.8575,0.7895927601809956,0.6247342310418144,0.7997873848334514,1.0
vigitel,1,synthetic_only_internal_cv,Fixed_Sep_high_sep1.0_anchor0.0,XGBoost,0.6640891204262798,0.85875,0.789444783404515,0.6313341601700921,0.791360294117647,1.0
vigitel,1,synthetic_only_internal_cv,Fixed_Sep_high_sep1.0_anchor0.0,CatBoost,0.6881516551805049,0.87125,0.8490143721039818,0.6476346562721474,0.7884036144578314,2.0
vigitel,1,synthetic_only_internal_cv,Fixed_Sep_high_sep1.0_anchor0.0,XGBoost,0.6803977272727273,0.865,0.8118279569892473,0.6438695960311835,0.7831657512402551,2.0
vigitel,1,synthetic_only_internal_cv,Fixed_Sep_high_sep1.0_anchor0.0,CatBoost,0.6523333175303023,0.8625,0.8374795828621686,0.6189759036144578,0.8030209071580439,3.0
vigitel,1,synthetic_only_internal_cv,Fixed_Sep_high_sep1.0_anchor0.0,XGBoost,0.6499631540162123,0.8575,0.7974290780141844,0.6188873139617292,0.7967531892274983,3.0
vigitel,1,synthetic_only_internal_cv,Fixed_Sep_high_sep1.0_anchor0.0,CatBoost,0.6607773851590106,0.86125,0.811638903231066,0.6269932671863926,0.7710732636428066,4.0
vigitel,1,synthetic_only_internal_cv,Fixed_Sep_high_sep1.0_anchor0.0,XGBoost,0.6590151738247648,0.8625,0.8249913504786068,0.6248228206945429,0.7714165485471297,4.0
vigitel,1,synthetic_only_internal_cv,Fixed_Sep_high_sep1.0_anchor0.0,CatBoost,0.6667172820327131,0.86625,0.8543169793169794,0.6297574616595656,0.7834659972916735,5.0
vigitel,1,synthetic_only_internal_cv,Fixed_Sep_high_sep1.0_anchor0.0,XGBoost,0.679113742717983,0.86875,0.8521719858156028,0.6399522189560833,0.7728638900815802,5.0
vigitel,1,train_synthetic_test_real_cv,Fixed_Anchor_low_sep0.0_anchor0.25,CatBoost,0.5021446078431373,0.766,0.5090615310712259,0.5058823529411764,0.5412119064493267,
vigitel,1,train_synthetic_test_real_cv,Fixed_Anchor_low_sep0.0_anchor0.25,XGBoost,0.5156102026331034,0.755,0.5198879779202857,0.5156272147413182,0.527958894401134,
vigitel,1,synthetic_only_internal_cv,Fixed_Anchor_low_sep0.0_anchor0.25,CatBoost,0.5879050121052902,0.85,0.8295567481613993,0.5734408221119773,0.7403658752657689,1.0
vigitel,1,synthetic_only_internal_cv,Fixed_Anchor_low_sep0.0_anchor0.25,XGBoost,0.6009577015163607,0.85,0.8020833333333333,0.5822111977321048,0.7392031360737065,1.0
vigitel,1,synthetic_only_internal_cv,Fixed_Anchor_low_sep0.0_anchor0.25,CatBoost,0.5867327552715055,0.84875,0.8145033778927699,0.5726878100637846,0.740044737774628,2.0
vigitel,1,synthetic_only_internal_cv,Fixed_Anchor_low_sep0.0_anchor0.25,XGBoost,0.5741685125088,0.845,0.7898032200357781,0.5645818568391212,0.72837305102764,2.0
vigitel,1,synthetic_only_internal_cv,Fixed_Anchor_low_sep0.0_anchor0.25,CatBoost,0.578774167009461,0.84,0.7337582552603287,0.5674167257264351,0.7450722005669737,3.0
vigitel,1,synthetic_only_internal_cv,Fixed_Anchor_low_sep0.0_anchor0.25,XGBoost,0.5830890495733176,0.84,0.7309482257126236,0.5703401842664777,0.7405430545712262,3.0
vigitel,1,synthetic_only_internal_cv,Fixed_Anchor_low_sep0.0_anchor0.25,CatBoost,0.5923636116584008,0.85,0.8190229459659512,0.5763642806520198,0.6855621013465626,4.0
vigitel,1,synthetic_only_internal_cv,Fixed_Anchor_low_sep0.0_anchor0.25,XGBoost,0.5687619875392271,0.83875,0.7303787910566719,0.5608167965981573,0.7014750177179305,4.0
vigitel,1,synthetic_only_internal_cv,Fixed_Anchor_low_sep0.0_anchor0.25,CatBoost,0.6235047614370659,0.85625,0.8406158808170787,0.5976648941440698,0.7679206438330526,5.0
vigitel,1,synthetic_only_internal_cv,Fixed_Anchor_low_sep0.0_anchor0.25,XGBoost,0.6078923810411105,0.84875,0.7884671320535195,0.5873490328191917,0.7789741387852165,5.0
vigitel,1,train_synthetic_test_real_cv,Fixed_Anchor_medium_sep0.0_anchor0.5,CatBoost,0.5037475953506488,0.749,0.5063587412398193,0.5049964564138909,0.536938341601701,
vigitel,1,train_synthetic_test_real_cv,Fixed_Anchor_medium_sep0.0_anchor0.5,XGBoost,0.4978364639991073,0.739,0.49877358729943927,0.49897236002834866,0.5296952515946137,
vigitel,1,synthetic_only_internal_cv,Fixed_Anchor_medium_sep0.0_anchor0.5,CatBoost,0.5635455811172361,0.84375,0.7929886408147278,0.5579819277108433,0.7867979270021263,1.0
vigitel,1,synthetic_only_internal_cv,Fixed_Anchor_medium_sep0.0_anchor0.5,XGBoost,0.5799018917222741,0.84625,0.7953380288438503,0.5682583274273565,0.7857791459957477,1.0
vigitel,1,synthetic_only_internal_cv,Fixed_Anchor_medium_sep0.0_anchor0.5,CatBoost,0.5688958344560004,0.85,0.8961352657004831,0.5617469879518072,0.7252613394755492,2.0
vigitel,1,synthetic_only_internal_cv,Fixed_Anchor_medium_sep0.0_anchor0.5,XGBoost,0.5786442879966291,0.85,0.8566253797616266,0.5675939050318923,0.7083296420978029,2.0
vigitel,1,synthetic_only_internal_cv,Fixed_Anchor_medium_sep0.0_anchor0.5,CatBoost,0.5865017635699783,0.84375,0.7590178183398522,0.572599220411056,0.7531892274982281,3.0
vigitel,1,synthetic_only_internal_cv,Fixed_Anchor_medium_sep0.0_anchor0.5,XGBoost,0.6026317503745684,0.8475,0.7745782431646306,0.5836286321757619,0.7434997342310418,3.0
vigitel,1,synthetic_only_internal_cv,Fixed_Anchor_medium_sep0.0_anchor0.5,CatBoost,0.6063496789186195,0.85125,0.8064280352415946,0.5858876683203402,0.6925606839121191,4.0
vigitel,1,synthetic_only_internal_cv,Fixed_Anchor_medium_sep0.0_anchor0.5,XGBoost,0.5973137883196444,0.84625,0.7696545284780578,0.5799521615875266,0.7009656272147413,4.0
vigitel,1,synthetic_only_internal_cv,Fixed_Anchor_medium_sep0.0_anchor0.5,CatBoost,0.5719817922413207,0.8425,0.7755258492645297,0.5633098831896599,0.6947077539606523,5.0
vigitel,1,synthetic_only_internal_cv,Fixed_Anchor_medium_sep0.0_anchor0.5,XGBoost,0.6014112633723686,0.84625,0.7739237929028504,0.582945249969724,0.7188514934328589,5.0
vigitel,1,train_synthetic_test_real_cv,Fixed_Balanced_low_sep0.25_anchor0.25,CatBoost,0.5337444262758,0.787,0.5544747543004824,0.5325655563430192,0.5991495393338058,
vigitel,1,train_synthetic_test_real_cv,Fixed_Balanced_low_sep0.25_anchor0.25,XGBoost,0.5423396815904611,0.775,0.5537696857062655,0.5393692416725726,0.5918355776045358,
vigitel,1,synthetic_only_internal_cv,Fixed_Balanced_low_sep0.25_anchor0.25,CatBoost,0.6142591114658154,0.855,0.8346354166666667,0.5910701630049611,0.7693679128277816,1.0
vigitel,1,synthetic_only_internal_cv,Fixed_Balanced_low_sep0.25_anchor0.25,XGBoost,0.6235047614370659,0.85625,0.8294117647058823,0.5976700921332389,0.7620814138908576,1.0
vigitel,1,synthetic_only_internal_cv,Fixed_Balanced_low_sep0.25_anchor0.25,CatBoost,0.6168775520492009,0.8575,0.861904761904762,0.5925761871013466,0.7156825832742736,2.0
vigitel,1,synthetic_only_internal_cv,Fixed_Balanced_low_sep0.25_anchor0.25,XGBoost,0.6041879468845761,0.845,0.7526315789473684,0.5850460666194188,0.7204996456413891,2.0
vigitel,1,synthetic_only_internal_cv,Fixed_Balanced_low_sep0.25_anchor0.25,CatBoost,0.5967132126833694,0.85,0.80995670995671,0.5792877391920623,0.7218838589652729,3.0
vigitel,1,synthetic_only_internal_cv,Fixed_Balanced_low_sep0.25_anchor0.25,XGBoost,0.5911730545876888,0.84875,0.805380383738092,0.575611268603827,0.7080085046066619,3.0
vigitel,1,synthetic_only_internal_cv,Fixed_Balanced_low_sep0.25_anchor0.25,CatBoost,0.5832703197728151,0.845,0.7753246753246753,0.5704287739192062,0.7331236711552092,4.0
vigitel,1,synthetic_only_internal_cv,Fixed_Balanced_low_sep0.25_anchor0.25,XGBoost,0.5700605823724839,0.835,0.7018615474112857,0.5614812189936216,0.7303884656272147,4.0
vigitel,1,synthetic_only_internal_cv,Fixed_Balanced_low_sep0.25_anchor0.25,CatBoost,0.5911730545876888,0.84875,0.8183752775721688,0.5757670839250917,0.7513734297761778,5.0
vigitel,1,synthetic_only_internal_cv,Fixed_Balanced_low_sep0.25_anchor0.25,XGBoost,0.616956077630235,0.85,0.7873580646248188,0.5938941550792131,0.7479494886107166,5.0
vigitel,1,train_synthetic_test_real_cv,Fixed_Balanced_medium_sep0.5_anchor0.25,CatBoost,0.5533498759305211,0.766,0.5589700996677741,0.5503189227498229,0.6357051736357193,
vigitel,1,train_synthetic_test_real_cv,Fixed_Balanced_medium_sep0.5_anchor0.25,XGBoost,0.5677861631438107,0.77,0.5729043020756472,0.5644223954642098,0.6299291282778172,
vigitel,1,synthetic_only_internal_cv,Fixed_Balanced_medium_sep0.5_anchor0.25,CatBoost,0.6143734987098525,0.85125,0.7934362934362934,0.5917345854004252,0.751107370659107,1.0
vigitel,1,synthetic_only_internal_cv,Fixed_Balanced_medium_sep0.5_anchor0.25,XGBoost,0.6054135338345865,0.84625,0.7610600087604029,0.5857990786676116,0.7480510276399716,1.0
vigitel,1,synthetic_only_internal_cv,Fixed_Balanced_medium_sep0.5_anchor0.25,CatBoost,0.62756052141527,0.86,0.8671875,0.5999291282778172,0.7621921509567682,2.0
vigitel,1,synthetic_only_internal_cv,Fixed_Balanced_medium_sep0.5_anchor0.25,XGBoost,0.6142591114658154,0.855,0.8346354166666667,0.5910701630049611,0.7589143338058115,2.0
vigitel,1,synthetic_only_internal_cv,Fixed_Balanced_medium_sep0.5_anchor0.25,CatBoost,0.5709006440713758,0.84125,0.7517107205152287,0.5623228206945429,0.7528459425939049,3.0
vigitel,1,synthetic_only_internal_cv,Fixed_Balanced_medium_sep0.5_anchor0.25,XGBoost,0.579885791787098,0.84125,0.7432144127059381,0.568169737774628,0.7423369950389795,3.0
vigitel,1,synthetic_only_internal_cv,Fixed_Balanced_medium_sep0.5_anchor0.25,CatBoost,0.6051007815713698,0.85,0.7951927507295347,0.5851346562721474,0.7315954996456414,4.0
vigitel,1,synthetic_only_internal_cv,Fixed_Balanced_medium_sep0.5_anchor0.25,XGBoost,0.6328732680063708,0.85125,0.771368427001215,0.6063518781006378,0.7359696137491141,4.0
vigitel,1,synthetic_only_internal_cv,Fixed_Balanced_medium_sep0.5_anchor0.25,CatBoost,0.5923636116584008,0.85,0.8330218964112883,0.576521231738063,0.7591461065054882,5.0
vigitel,1,synthetic_only_internal_cv,Fixed_Balanced_medium_sep0.5_anchor0.25,XGBoost,0.6593207707867561,0.86,0.8109731242696812,0.6259867225947089,0.7399015754533144,5.0
vigitel,1,train_synthetic_test_real_cv,Fixed_Balanced_high_sep1.0_anchor0.5,CatBoost,0.5814177503393319,0.761,0.5805194805194805,0.582388377037562,0.65024805102764,
vigitel,1,train_synthetic_test_real_cv,Fixed_Balanced_high_sep1.0_anchor0.5,XGBoost,0.5794725075659006,0.766,0.5806686894620142,0.5783841247342311,0.6365698086463503,
vigitel,1,synthetic_only_internal_cv,Fixed_Balanced_high_sep1.0_anchor0.5,CatBoost,0.6714146220493188,0.8675,0.848056740860339,0.633681785967399,0.8161653968816441,1.0
vigitel,1,synthetic_only_internal_cv,Fixed_Balanced_high_sep1.0_anchor0.5,XGBoost,0.6586545299388423,0.865,0.8500439753737907,0.6234053862508859,0.8066087880935506,1.0
vigitel,1,synthetic_only_internal_cv,Fixed_Balanced_high_sep1.0_anchor0.5,CatBoost,0.6503258145363409,0.86375,0.8554028100677247,0.616805457122608,0.7846828490432317,2.0
vigitel,1,synthetic_only_internal_cv,Fixed_Balanced_high_sep1.0_anchor0.5,XGBoost,0.6668895043453347,0.86375,0.8225087638251039,0.6314227498228207,0.7803419560595323,2.0
vigitel,1,synthetic_only_internal_cv,Fixed_Balanced_high_sep1.0_anchor0.5,CatBoost,0.6297242083758937,0.855,0.8052631578947369,0.6027639971651311,0.7943169737774628,3.0
vigitel,1,synthetic_only_internal_cv,Fixed_Balanced_high_sep1.0_anchor0.5,XGBoost,0.6670154005377251,0.86125,0.802998156146599,0.6328401842664777,0.7871965804394047,3.0
vigitel,1,synthetic_only_internal_cv,Fixed_Balanced_high_sep1.0_anchor0.5,CatBoost,0.6607773851590106,0.86125,0.811638903231066,0.6269932671863926,0.7934532246633593,4.0
vigitel,1,synthetic_only_internal_cv,Fixed_Balanced_high_sep1.0_anchor0.5,XGBoost,0.679113742717983,0.86875,0.8442484850131797,0.6402817150956769,0.7784815733522324,4.0
vigitel,1,synthetic_only_internal_cv,Fixed_Balanced_high_sep1.0_anchor0.5,CatBoost,0.6624676029172443,0.86,0.8064609021178565,0.6288822098182338,0.7676894452334555,5.0
vigitel,1,synthetic_only_internal_cv,Fixed_Balanced_high_sep1.0_anchor0.5,XGBoost,0.6569567998139427,0.8525,0.7643816189757313,0.6272528101639308,0.7757153394766105,5.0
vigitel,2,train_real_test_real_cv,Real,CatBoost,0.4579844497607655,0.826,0.4983232729711603,0.49992912827781716,0.6707299787384833,
vigitel,2,train_real_test_real_cv,Real,XGBoost,0.49722275426163565,0.832,0.7035641842944074,0.5199149539333806,0.6689581856839122,
vigitel,2,train_synthetic_test_real_cv,Standard_CTGAN,CatBoost,0.453551912568306,0.83,0.415,0.5,0.45682494684620834,
vigitel,2,train_synthetic_test_real_cv,Standard_CTGAN,XGBoost,0.453551912568306,0.83,0.415,0.5,0.42688164422395464,
vigitel,2,synthetic_only_internal_cv,Standard_CTGAN,CatBoost,0.46416610850636303,0.86625,0.433125,0.5,0.496877992205095,1.0
vigitel,2,synthetic_only_internal_cv,Standard_CTGAN,XGBoost,0.46380697050938335,0.865,0.4330413016270338,0.49927849927849927,0.5075184420978813,1.0
vigitel,2,synthetic_only_internal_cv,Standard_CTGAN,CatBoost,0.46344735077129445,0.86375,0.43295739348370926,0.49855699855699853,0.4496230664454963,2.0
vigitel,2,synthetic_only_internal_cv,Standard_CTGAN,XGBoost,0.47373647105550587,0.8675,0.9336670838548184,0.5046728971962616,0.46475435260481984,2.0
vigitel,2,synthetic_only_internal_cv,Standard_CTGAN,CatBoost,0.46344735077129445,0.86375,0.43241551939924905,0.49927745664739887,0.5081353029329908,3.0
vigitel,2,synthetic_only_internal_cv,Standard_CTGAN,XGBoost,0.46380697050938335,0.865,0.4325,0.5,0.5136212802397774,3.0
vigitel,2,synthetic_only_internal_cv,Standard_CTGAN,CatBoost,0.46308724832214765,0.8625,0.4323308270676692,0.4985549132947977,0.5393919931492186,4.0
vigitel,2,synthetic_only_internal_cv,Standard_CTGAN,XGBoost,0.46380697050938335,0.865,0.4325,0.5,0.5289820166987798,4.0
vigitel,2,synthetic_only_internal_cv,Standard_CTGAN,CatBoost,0.46380697050938335,0.865,0.4325,0.5,0.4913696210661529,5.0
vigitel,2,synthetic_only_internal_cv,Standard_CTGAN,XGBoost,0.46344735077129445,0.86375,0.43241551939924905,0.49927745664739887,0.5280587668593449,5.0
vigitel,2,train_synthetic_test_real_cv,SepAware_VariedGrid_Best,CatBoost,0.6022760416390469,0.775,0.6020393766886053,0.6025159461374912,0.673309709425939,
vigitel,2,train_synthetic_test_real_cv,SepAware_VariedGrid_Best,XGBoost,0.6095821164741003,0.771,0.6059323427458874,0.6141389085754784,0.662388377037562,
vigitel,2,synthetic_only_internal_cv,SepAware_VariedGrid_Best,CatBoost,0.6063496789186195,0.85125,0.8064280352415946,0.5858876683203402,0.7559244330262226,1.0
vigitel,2,synthetic_only_internal_cv,SepAware_VariedGrid_Best,XGBoost,0.6142591114658154,0.855,0.8346354166666667,0.5910701630049611,0.7544848511693834,1.0
vigitel,2,synthetic_only_internal_cv,SepAware_VariedGrid_Best,CatBoost,0.6257258441808624,0.85125,0.7788239992626955,0.6005049610205528,0.768293763288448,2.0
vigitel,2,synthetic_only_internal_cv,SepAware_VariedGrid_Best,XGBoost,0.6231101974388624,0.84875,0.7631346578366446,0.5989989369241673,0.7644068922749823,2.0
vigitel,2,synthetic_only_internal_cv,SepAware_VariedGrid_Best,CatBoost,0.6536020903322135,0.855,0.7762387051931288,0.6232282069454288,0.7552932317505315,3.0
vigitel,2,synthetic_only_internal_cv,SepAware_VariedGrid_Best,XGBoost,0.6241046700410657,0.84625,0.7464197396668388,0.6004163713678242,0.7589475549255846,3.0
vigitel,2,synthetic_only_internal_cv,SepAware_VariedGrid_Best,CatBoost,0.6567418546365915,0.86625,0.8688803531116278,0.6212349397590362,0.8009833451452871,4.0
vigitel,2,synthetic_only_internal_cv,SepAware_VariedGrid_Best,XGBoost,0.6537910279468457,0.86375,0.8474404704521353,0.6197289156626506,0.7794006909992912,4.0
vigitel,2,synthetic_only_internal_cv,SepAware_VariedGrid_Best,CatBoost,0.6297242083758937,0.855,0.8143131507126251,0.6027017207781484,0.7727537955103433,5.0
vigitel,2,synthetic_only_internal_cv,SepAware_VariedGrid_Best,XGBoost,0.6270484678961424,0.8525,0.7953661750056236,0.6011934251522058,0.7608745912739043,5.0
vigitel,2,train_synthetic_test_real_cv,Fixed_Realism_only_sep0.0_anchor0.0,CatBoost,0.46385017556582403,0.827,0.5582649978420371,0.5028703047484054,0.48629340892983697,
vigitel,2,train_synthetic_test_real_cv,Fixed_Realism_only_sep0.0_anchor0.0,XGBoost,0.45632200316487415,0.821,0.4600147072341208,0.49691708008504604,0.535995747696669,
vigitel,2,synthetic_only_internal_cv,Fixed_Realism_only_sep0.0_anchor0.0,CatBoost,0.453551912568306,0.83,0.415,0.5,0.5588678242381291,1.0
vigitel,2,synthetic_only_internal_cv,Fixed_Realism_only_sep0.0_anchor0.0,XGBoost,0.4531784005468216,0.82875,0.4148936170212766,0.4992469879518072,0.5622231573352232,1.0
vigitel,2,synthetic_only_internal_cv,Fixed_Realism_only_sep0.0_anchor0.0,CatBoost,0.4681872571757789,0.83125,0.7492680886658302,0.5065999291282778,0.551138377037562,2.0
vigitel,2,synthetic_only_internal_cv,Fixed_Realism_only_sep0.0_anchor0.0,XGBoost,0.4755381604696673,0.8325,0.7914572864321607,0.5102763997165131,0.5339519844082211,2.0
vigitel,2,synthetic_only_internal_cv,Fixed_Realism_only_sep0.0_anchor0.0,CatBoost,0.4607347489046174,0.83,0.6654135338345865,0.5029234585400425,0.5761538802267895,3.0
vigitel,2,synthetic_only_internal_cv,Fixed_Realism_only_sep0.0_anchor0.0,XGBoost,0.46030854987467934,0.82875,0.581974069427018,0.5021704464918497,0.5517031360737066,3.0
vigitel,2,synthetic_only_internal_cv,Fixed_Realism_only_sep0.0_anchor0.0,CatBoost,0.4607347489046174,0.83,0.6654135338345865,0.5029234585400425,0.6003277817150956,4.0
vigitel,2,synthetic_only_internal_cv,Fixed_Realism_only_sep0.0_anchor0.0,XGBoost,0.46866512024425544,0.8325,0.9160401002506265,0.5073529411764706,0.571491849751949,4.0
vigitel,2,synthetic_only_internal_cv,Fixed_Realism_only_sep0.0_anchor0.0,CatBoost,0.4531784005468216,0.82875,0.414375,0.5,0.5874756415761139,5.0
vigitel,2,synthetic_only_internal_cv,Fixed_Realism_only_sep0.0_anchor0.0,XGBoost,0.46030854987467934,0.82875,0.6647869674185464,0.5028954872235251,0.5625282117338795,5.0
vigitel,2,train_synthetic_test_real_cv,Fixed_Sep_low_sep0.25_anchor0.0,CatBoost,0.4692584036642645,0.827,0.5824083417423478,0.5052090715804394,0.6136853295535082,
vigitel,2,train_synthetic_test_real_cv,Fixed_Sep_low_sep0.25_anchor0.0,XGBoost,0.4737016219012304,0.825,0.5697529420933676,0.506343019135365,0.6134798015591779,
vigitel,2,synthetic_only_internal_cv,Fixed_Sep_low_sep0.25_anchor0.0,CatBoost,0.4793788127776919,0.82625,0.5981679917041134,0.5094347980155918,0.5349264705882353,1.0
vigitel,2,synthetic_only_internal_cv,Fixed_Sep_low_sep0.25_anchor0.0,XGBoost,0.4708578670576644,0.82125,0.5308865213566611,0.5034992912827781,0.502535878809355,1.0
vigitel,2,synthetic_only_internal_cv,Fixed_Sep_low_sep0.25_anchor0.0,CatBoost,0.4681872571757789,0.83125,0.7492680886658302,0.5065999291282778,0.5779478206945428,2.0
vigitel,2,synthetic_only_internal_cv,Fixed_Sep_low_sep0.25_anchor0.0,XGBoost,0.4607347489046174,0.83,0.6654135338345865,0.5029234585400425,0.5800186038270729,2.0
vigitel,2,synthetic_only_internal_cv,Fixed_Sep_low_sep0.25_anchor0.0,CatBoost,0.497002654174926,0.83625,0.8466042154566744,0.521305811481219,0.6058092664776754,3.0
vigitel,2,synthetic_only_internal_cv,Fixed_Sep_low_sep0.25_anchor0.0,XGBoost,0.4822156533163315,0.8325,0.7502099076406381,0.5131998582565556,0.5957875620127568,3.0
vigitel,2,synthetic_only_internal_cv,Fixed_Sep_low_sep0.25_anchor0.0,CatBoost,0.48994377789369964,0.835,0.8341729638958859,0.5176293408929837,0.6283110382707301,4.0
vigitel,2,synthetic_only_internal_cv,Fixed_Sep_low_sep0.25_anchor0.0,XGBoost,0.4681872571757789,0.83125,0.7492680886658302,0.5065999291282778,0.5970278171509569,4.0
vigitel,2,synthetic_only_internal_cv,Fixed_Sep_low_sep0.25_anchor0.0,CatBoost,0.47994196453807164,0.8275,0.6381514257620452,0.5108278010811287,0.6238398784555933,5.0
vigitel,2,synthetic_only_internal_cv,Fixed_Sep_low_sep0.25_anchor0.0,XGBoost,0.4516792323509253,0.82375,0.4139447236180904,0.49698340874811464,0.6140965089011461,5.0
vigitel,2,train_synthetic_test_real_cv,Fixed_Sep_medium_sep0.5_anchor0.0,CatBoost,0.5034561031550242,0.811,0.556985249447158,0.5166194188518781,0.6420481927710843,
vigitel,2,train_synthetic_test_real_cv,Fixed_Sep_medium_sep0.5_anchor0.0,XGBoost,0.5069392241971596,0.817,0.5801268558277903,0.5202338766832034,0.6322111977321049,
vigitel,2,synthetic_only_internal_cv,Fixed_Sep_medium_sep0.5_anchor0.0,CatBoost,0.5085995085995085,0.835,0.7521150592216581,0.5263997165131112,0.680534638554217,1.0
vigitel,2,synthetic_only_internal_cv,Fixed_Sep_medium_sep0.5_anchor0.0,XGBoost,0.5085995085995085,0.835,0.7521150592216581,0.5263997165131112,0.6539355953224664,1.0
vigitel,2,synthetic_only_internal_cv,Fixed_Sep_medium_sep0.5_anchor0.0,CatBoost,0.5401555567530671,0.84,0.7824666098323387,0.544029057406095,0.6522523919206238,2.0
vigitel,2,synthetic_only_internal_cv,Fixed_Sep_medium_sep0.5_anchor0.0,XGBoost,0.5004602241453476,0.83125,0.6872739712638061,0.5212172218284904,0.6496611445783133,2.0
vigitel,2,synthetic_only_internal_cv,Fixed_Sep_medium_sep0.5_anchor0.0,CatBoost,0.5234904325813416,0.84,0.8367174280879865,0.5352586817859674,0.6487309532246633,3.0
vigitel,2,synthetic_only_internal_cv,Fixed_Sep_medium_sep0.5_anchor0.0,XGBoost,0.5025531834711989,0.835,0.7683544303797468,0.5234762579730687,0.6299277994330261,3.0
vigitel,2,synthetic_only_internal_cv,Fixed_Sep_medium_sep0.5_anchor0.0,CatBoost,0.5093426221142276,0.83625,0.782521027768176,0.527152728561304,0.6526510453579022,4.0
vigitel,2,synthetic_only_internal_cv,Fixed_Sep_medium_sep0.5_anchor0.0,XGBoost,0.5071264367816092,0.8325,0.7042893493275173,0.5248936924167257,0.6505802622253721,4.0
vigitel,2,synthetic_only_internal_cv,Fixed_Sep_medium_sep0.5_anchor0.0,CatBoost,0.5210215768810644,0.83625,0.7763540530716103,0.5334797591130781,0.6458367737886845,5.0
vigitel,2,synthetic_only_internal_cv,Fixed_Sep_medium_sep0.5_anchor0.0,XGBoost,0.5004602241453476,0.83125,0.7091793570219966,0.5217767061906178,0.6329557089539914,5.0
vigitel,2,train_synthetic_test_real_cv,Fixed_Sep_high_sep1.0_anchor0.0,CatBoost,0.600411309958283,0.775,0.6006486802099132,0.6001771793054571,0.6591141034727144,
vigitel,2,train_synthetic_test_real_cv,Fixed_Sep_high_sep1.0_anchor0.0,XGBoost,0.5814732142857143,0.766,0.5822715321718529,0.5807228915662651,0.6501771793054572,
vigitel,2,synthetic_only_internal_cv,Fixed_Sep_high_sep1.0_anchor0.0,CatBoost,0.6683861459100958,0.865,0.8306737588652482,0.6321757618710135,0.7904854712969525,1.0
vigitel,2,synthetic_only_internal_cv,Fixed_Sep_high_sep1.0_anchor0.0,XGBoost,0.6417989479790842,0.85625,0.7984547461368653,0.6122873848334515,0.7776399716513112,1.0
vigitel,2,synthetic_only_internal_cv,Fixed_Sep_high_sep1.0_anchor0.0,CatBoost,0.6342162773756568,0.8525,0.7788605697151424,0.6071048901488306,0.7486711552090717,2.0
vigitel,2,synthetic_only_internal_cv,Fixed_Sep_high_sep1.0_anchor0.0,XGBoost,0.6306729264475743,0.8525,0.7828282828282829,0.6041814316087881,0.7476855953224664,2.0
vigitel,2,synthetic_only_internal_cv,Fixed_Sep_high_sep1.0_anchor0.0,CatBoost,0.6590151738247648,0.8625,0.8249913504786068,0.6248228206945429,0.7585489014883062,3.0
vigitel,2,synthetic_only_internal_cv,Fixed_Sep_high_sep1.0_anchor0.0,XGBoost,0.6536020903322135,0.855,0.7762387051931288,0.6232282069454288,0.7446513997165131,3.0
vigitel,2,synthetic_only_internal_cv,Fixed_Sep_high_sep1.0_anchor0.0,CatBoost,0.6105720122574055,0.8475,0.7657894736842106,0.5894755492558469,0.7454708540042524,4.0
vigitel,2,synthetic_only_internal_cv,Fixed_Sep_high_sep1.0_anchor0.0,XGBoost,0.6328732680063708,0.85125,0.771368427001215,0.6063518781006378,0.7369883947554925,4.0
vigitel,2,synthetic_only_internal_cv,Fixed_Sep_high_sep1.0_anchor0.0,CatBoost,0.6078923810411105,0.84875,0.7884671320535195,0.5873490328191917,0.7805154627825301,5.0
vigitel,2,synthetic_only_internal_cv,Fixed_Sep_high_sep1.0_anchor0.0,XGBoost,0.6093238205271746,0.84625,0.7651315789473685,0.588736224416774,0.778720921271372,5.0
vigitel,2,train_synthetic_test_real_cv,Fixed_Anchor_low_sep0.0_anchor0.25,CatBoost,0.46312266266616353,0.825,0.5263482453189819,0.501665485471297,0.5175265768958186,
vigitel,2,train_synthetic_test_real_cv,Fixed_Anchor_low_sep0.0_anchor0.25,XGBoost,0.46496074440244256,0.816,0.4897959183673469,0.49858256555634306,0.5442593905031892,
vigitel,2,synthetic_only_internal_cv,Fixed_Anchor_low_sep0.0_anchor0.25,CatBoost,0.45242984257357977,0.82625,0.41468005018820575,0.4977409638554217,0.5164776754075124,1.0
vigitel,2,synthetic_only_internal_cv,Fixed_Anchor_low_sep0.0_anchor0.25,XGBoost,0.45242984257357977,0.82625,0.41468005018820575,0.4977409638554217,0.49576984408221125,1.0
vigitel,2,synthetic_only_internal_cv,Fixed_Anchor_low_sep0.0_anchor0.25,CatBoost,0.453551912568306,0.83,0.415,0.5,0.5331878986534373,2.0
vigitel,2,synthetic_only_internal_cv,Fixed_Anchor_low_sep0.0_anchor0.25,XGBoost,0.4528043775649795,0.8275,0.41478696741854637,0.49849397590361444,0.5347714386959603,2.0
vigitel,2,synthetic_only_internal_cv,Fixed_Anchor_low_sep0.0_anchor0.25,CatBoost,0.4531784005468216,0.82875,0.4148936170212766,0.4992469879518072,0.5579819277108433,3.0
vigitel,2,synthetic_only_internal_cv,Fixed_Anchor_low_sep0.0_anchor0.25,XGBoost,0.4607347489046174,0.83,0.6654135338345865,0.5029234585400425,0.5471739900779589,3.0
vigitel,2,synthetic_only_internal_cv,Fixed_Anchor_low_sep0.0_anchor0.25,CatBoost,0.45242984257357977,0.82625,0.41468005018820575,0.4977409638554217,0.5414710311835578,4.0
vigitel,2,synthetic_only_internal_cv,Fixed_Anchor_low_sep0.0_anchor0.25,XGBoost,0.4677103718199609,0.83,0.6658291457286432,0.505846917080085,0.5685130226789511,4.0
vigitel,2,synthetic_only_internal_cv,Fixed_Anchor_low_sep0.0_anchor0.25,CatBoost,0.4528043775649795,0.8275,0.4142678347934919,0.49924585218702866,0.6131827239598815,5.0
vigitel,2,synthetic_only_internal_cv,Fixed_Anchor_low_sep0.0_anchor0.25,XGBoost,0.4590312795842269,0.825,0.5144654088050314,0.500633043784611,0.5721835056313374,5.0
vigitel,2,train_synthetic_test_real_cv,Fixed_Anchor_medium_sep0.0_anchor0.5,CatBoost,0.4716077215724954,0.82,0.5265897261823942,0.5033309709425939,0.5243798724309,
vigitel,2,train_synthetic_test_real_cv,Fixed_Anchor_medium_sep0.0_anchor0.5,XGBoost,0.4605873077971808,0.818,0.4771341463414634,0.49744861800141743,0.5408362863217576,
vigitel,2,synthetic_only_internal_cv,Fixed_Anchor_medium_sep0.0_anchor0.5,CatBoost,0.45242984257357977,0.82625,0.41468005018820575,0.4977409638554217,0.5326231396172927,1.0
vigitel,2,synthetic_only_internal_cv,Fixed_Anchor_medium_sep0.0_anchor0.5,XGBoost,0.4598825831702544,0.8275,0.5402010050251256,0.501417434443657,0.5320916017009214,1.0
vigitel,2,synthetic_only_internal_cv,Fixed_Anchor_medium_sep0.0_anchor0.5,CatBoost,0.4528043775649795,0.8275,0.41478696741854637,0.49849397590361444,0.5323684443656982,2.0
vigitel,2,synthetic_only_internal_cv,Fixed_Anchor_medium_sep0.0_anchor0.5,XGBoost,0.4598825831702544,0.8275,0.5402010050251256,0.501417434443657,0.5154367469879517,2.0
vigitel,2,synthetic_only_internal_cv,Fixed_Anchor_medium_sep0.0_anchor0.5,CatBoost,0.453551912568306,0.83,0.415,0.5,0.5856551204819277,3.0
vigitel,2,synthetic_only_internal_cv,Fixed_Anchor_medium_sep0.0_anchor0.5,XGBoost,0.4531784005468216,0.82875,0.4148936170212766,0.4992469879518072,0.5680700744153083,3.0
vigitel,2,synthetic_only_internal_cv,Fixed_Anchor_medium_sep0.0_anchor0.5,CatBoost,0.4598825831702544,0.8275,0.5402010050251256,0.501417434443657,0.5144401133947555,4.0
vigitel,2,synthetic_only_internal_cv,Fixed_Anchor_medium_sep0.0_anchor0.5,XGBoost,0.4516792323509253,0.82375,0.41446540880503147,0.49623493975903615,0.5054261162296244,4.0
vigitel,2,synthetic_only_internal_cv,Fixed_Anchor_medium_sep0.0_anchor0.5,CatBoost,0.4531784005468216,0.82875,0.414375,0.5,0.5501425724697515,5.0
vigitel,2,synthetic_only_internal_cv,Fixed_Anchor_medium_sep0.0_anchor0.5,XGBoost,0.45242984257357977,0.82625,0.4141604010025063,0.4984917043740573,0.5462011868194779,5.0
vigitel,2,train_synthetic_test_real_cv,Fixed_Balanced_low_sep0.25_anchor0.25,CatBoost,0.47615037089132584,0.819,0.5347779561262708,0.5050673281360737,0.6022678951098511,
vigitel,2,train_synthetic_test_real_cv,Fixed_Balanced_low_sep0.25_anchor0.25,XGBoost,0.49299410029498525,0.824,0.5989960959286112,0.5150956768249468,0.6159036144578314,
vigitel,2,synthetic_only_internal_cv,Fixed_Balanced_low_sep0.25_anchor0.25,CatBoost,0.4677103718199609,0.83,0.6658291457286432,0.505846917080085,0.622630226789511,1.0
vigitel,2,synthetic_only_internal_cv,Fixed_Balanced_low_sep0.25_anchor0.25,XGBoost,0.4755381604696673,0.8325,0.7914572864321607,0.5102763997165131,0.6166061304039687,1.0
vigitel,2,synthetic_only_internal_cv,Fixed_Balanced_low_sep0.25_anchor0.25,CatBoost,0.47448752873896327,0.83,0.6662468513853904,0.5087703756201276,0.5890879695251594,2.0
vigitel,2,synthetic_only_internal_cv,Fixed_Balanced_low_sep0.25_anchor0.25,XGBoost,0.46675940416159506,0.8275,0.5822837951301427,0.5043408929836996,0.5768404500354359,2.0
vigitel,2,synthetic_only_internal_cv,Fixed_Balanced_low_sep0.25_anchor0.25,CatBoost,0.5071264367816092,0.8325,0.7042893493275173,0.5248936924167257,0.5802290042523033,3.0
vigitel,2,synthetic_only_internal_cv,Fixed_Balanced_low_sep0.25_anchor0.25,XGBoost,0.4874790375157807,0.83,0.6670886075949367,0.5146172927002126,0.5532866761162296,3.0
vigitel,2,synthetic_only_internal_cv,Fixed_Balanced_low_sep0.25_anchor0.25,CatBoost,0.4750120309742901,0.83125,0.7163522012578616,0.5095233876683203,0.5594879518072289,4.0
vigitel,2,synthetic_only_internal_cv,Fixed_Balanced_low_sep0.25_anchor0.25,XGBoost,0.4677103718199609,0.83,0.6658291457286432,0.505846917080085,0.5453246810772502,4.0
vigitel,2,synthetic_only_internal_cv,Fixed_Balanced_low_sep0.25_anchor0.25,CatBoost,0.4956748429908757,0.83375,0.7922979797979798,0.5203895145930354,0.6193700388633836,5.0
vigitel,2,synthetic_only_internal_cv,Fixed_Balanced_low_sep0.25_anchor0.25,XGBoost,0.4827896305154118,0.83375,0.9164572864321607,0.5145985401459854,0.6094395085378339,5.0
vigitel,2,train_synthetic_test_real_cv,Fixed_Balanced_medium_sep0.5_anchor0.25,CatBoost,0.542877383439716,0.809,0.5928636559965446,0.5411410347271439,0.6484479092841956,
vigitel,2,train_synthetic_test_real_cv,Fixed_Balanced_medium_sep0.5_anchor0.25,XGBoost,0.5243654602845159,0.813,0.5860554970144011,0.5295180722891566,0.6240822111977321,
vigitel,2,synthetic_only_internal_cv,Fixed_Balanced_medium_sep0.5_anchor0.25,CatBoost,0.542018028496656,0.8425,0.8278061224489797,0.5455350815024805,0.6393183026222538,1.0
vigitel,2,synthetic_only_internal_cv,Fixed_Balanced_medium_sep0.5_anchor0.25,XGBoost,0.5283342245622695,0.83875,0.7870488322717621,0.5374291282778172,0.6418431077250177,1.0
vigitel,2,synthetic_only_internal_cv,Fixed_Balanced_medium_sep0.5_anchor0.25,CatBoost,0.5410834225420185,0.84125,0.8038088798737886,0.5447820694542878,0.6795822997873848,2.0
vigitel,2,synthetic_only_internal_cv,Fixed_Balanced_medium_sep0.5_anchor0.25,XGBoost,0.5078608134172684,0.83375,0.7263708337405923,0.5256467044649185,0.6597935861091426,2.0
vigitel,2,synthetic_only_internal_cv,Fixed_Balanced_medium_sep0.5_anchor0.25,CatBoost,0.5374631705049515,0.84375,0.8827582836477372,0.5433646350106307,0.6768360205527993,3.0
vigitel,2,synthetic_only_internal_cv,Fixed_Balanced_medium_sep0.5_anchor0.25,XGBoost,0.5365517241379311,0.8425,0.8496910214467466,0.5426116229624379,0.6769799787384834,3.0
vigitel,2,synthetic_only_internal_cv,Fixed_Balanced_medium_sep0.5_anchor0.25,CatBoost,0.5535215983926778,0.84375,0.8172720533728688,0.5521350106307583,0.6649650070871722,4.0
vigitel,2,synthetic_only_internal_cv,Fixed_Balanced_medium_sep0.5_anchor0.25,XGBoost,0.5257854179016005,0.835,0.7256322818982666,0.5351700921332389,0.6531604358610914,4.0
vigitel,2,synthetic_only_internal_cv,Fixed_Balanced_medium_sep0.5_anchor0.25,CatBoost,0.5274789182902007,0.8375,0.786411889596603,0.5371293941495745,0.6203388710902666,5.0
vigitel,2,synthetic_only_internal_cv,Fixed_Balanced_medium_sep0.5_anchor0.25,XGBoost,0.5232861474899692,0.83125,0.6942307692307692,0.5333586550847178,0.6234655569133886,5.0
vigitel,2,train_synthetic_test_real_cv,Fixed_Balanced_high_sep1.0_anchor0.5,CatBoost,0.5938495158542458,0.774,0.5952561559108415,0.5925584691708008,0.6739475549255848,
vigitel,2,train_synthetic_test_real_cv,Fixed_Balanced_high_sep1.0_anchor0.5,XGBoost,0.6129809319349738,0.777,0.6108132200137453,0.6154145995747697,0.6631679659815735,
vigitel,2,synthetic_only_internal_cv,Fixed_Balanced_high_sep1.0_anchor0.5,CatBoost,0.6241046700410657,0.84625,0.7464197396668388,0.6004163713678242,0.7759789156626505,1.0
vigitel,2,synthetic_only_internal_cv,Fixed_Balanced_high_sep1.0_anchor0.5,XGBoost,0.5970179327019948,0.8375,0.7096643985699458,0.5805279943302621,0.7573640148830616,1.0
vigitel,2,synthetic_only_internal_cv,Fixed_Balanced_high_sep1.0_anchor0.5,CatBoost,0.6452136623590978,0.85625,0.7939730439942358,0.615210843373494,0.8059665131112687,2.0
vigitel,2,synthetic_only_internal_cv,Fixed_Balanced_high_sep1.0_anchor0.5,XGBoost,0.6471536554577118,0.855,0.7826666666666666,0.6173812898653437,0.7879274450744154,2.0
vigitel,2,synthetic_only_internal_cv,Fixed_Balanced_high_sep1.0_anchor0.5,CatBoost,0.6682316118935837,0.8675,0.854978354978355,0.6307583274273565,0.7829221296952515,3.0
vigitel,2,synthetic_only_internal_cv,Fixed_Balanced_high_sep1.0_anchor0.5,XGBoost,0.6729468655461204,0.86875,0.8573215599705666,0.6344347980155918,0.7783265414599575,3.0
vigitel,2,synthetic_only_internal_cv,Fixed_Balanced_high_sep1.0_anchor0.5,CatBoost,0.6181533646322379,0.8475,0.7587782587782588,0.595322466335932,0.7800983345145286,4.0
vigitel,2,synthetic_only_internal_cv,Fixed_Balanced_high_sep1.0_anchor0.5,XGBoost,0.6244131455399061,0.85,0.7708032708032708,0.59975194897236,0.7719702338766833,4.0
vigitel,2,synthetic_only_internal_cv,Fixed_Balanced_high_sep1.0_anchor0.5,CatBoost,0.6342162773756568,0.8525,0.786019131714496,0.6069843995992558,0.7447016987592343,5.0
vigitel,2,synthetic_only_internal_cv,Fixed_Balanced_high_sep1.0_anchor0.5,XGBoost,0.6267030708300072,0.84875,0.7666647445508015,0.6018264689368167,0.737919873171054,5.0
vigitel,3,train_real_test_real_cv,Real,CatBoost,0.469653054428397,0.828,0.6033266129032258,0.5058114812189937,0.65049610205528,
vigitel,3,train_real_test_real_cv,Real,XGBoost,0.4692584036642645,0.827,0.5824083417423478,0.5052090715804394,0.6481856839121191,
vigitel,3,train_synthetic_test_real_cv,Standard_CTGAN,CatBoost,0.471239188729841,0.832,0.7911646586345382,0.5082211197732105,0.5335223245924876,
vigitel,3,train_synthetic_test_real_cv,Standard_CTGAN,XGBoost,0.47496947496947495,0.828,0.6161616161616161,0.5081502480510276,0.5222324592487597,
vigitel,3,synthetic_only_internal_cv,Standard_CTGAN,CatBoost,0.42363112391930835,0.735,0.3702770780856423,0.494949494949495,0.5227272727272727,1.0
vigitel,3,synthetic_only_internal_cv,Standard_CTGAN,XGBoost,0.4227994227994228,0.7325,0.369949494949495,0.49326599326599324,0.5112859991500769,1.0
vigitel,3,synthetic_only_internal_cv,Standard_CTGAN,CatBoost,0.4303777874855101,0.74125,0.49685929648241206,0.49991801598688257,0.5536134453781513,2.0
vigitel,3,synthetic_only_internal_cv,Standard_CTGAN,XGBoost,0.4385022248341869,0.73875,0.5221518987341772,0.5014347202295553,0.5378725148596024,2.0
vigitel,3,synthetic_only_internal_cv,Standard_CTGAN,CatBoost,0.43496463410889213,0.74125,0.5388329135180521,0.5015167042426727,0.5311580241852839,3.0
vigitel,3,synthetic_only_internal_cv,Standard_CTGAN,XGBoost,0.4331290403828394,0.73625,0.4715189873417721,0.4981553597048576,0.5325353556056569,3.0
vigitel,3,synthetic_only_internal_cv,Standard_CTGAN,CatBoost,0.4409044193216855,0.745,0.6729559748427673,0.5056364009018242,0.5252551752408281,4.0
vigitel,3,synthetic_only_internal_cv,Standard_CTGAN,XGBoost,0.4482041644591501,0.74125,0.5814297800338409,0.5063127690100431,0.5333715925394548,4.0
vigitel,3,synthetic_only_internal_cv,Standard_CTGAN,CatBoost,0.44186560565870914,0.7475,0.8732747804265997,0.5073170731707317,0.5522279155564664,5.0
vigitel,3,synthetic_only_internal_cv,Standard_CTGAN,XGBoost,0.441870922731526,0.73625,0.5149945474372954,0.5013527362164377,0.5544086903053905,5.0
vigitel,3,train_synthetic_test_real_cv,SepAware_VariedGrid_Best,CatBoost,0.5802504956719378,0.783,0.5901305930207664,0.5745924875974486,0.6495605953224663,
vigitel,3,train_synthetic_test_real_cv,SepAware_VariedGrid_Best,XGBoost,0.5857570435888609,0.787,0.5970852737379782,0.5793408929836995,0.6511622962437987,
vigitel,3,synthetic_only_internal_cv,SepAware_VariedGrid_Best,CatBoost,0.6513838595354613,0.85875,0.8052753524907462,0.619640326009922,0.842963766832034,1.0
vigitel,3,synthetic_only_internal_cv,SepAware_VariedGrid_Best,XGBoost,0.6715192235908921,0.8625,0.8060272068314964,0.636516654854713,0.8393980333097094,1.0
vigitel,3,synthetic_only_internal_cv,SepAware_VariedGrid_Best,CatBoost,0.6700344457284695,0.86125,0.7992068334350213,0.6357636428065202,0.8265746810772502,2.0
vigitel,3,synthetic_only_internal_cv,SepAware_VariedGrid_Best,XGBoost,0.6642029382242906,0.85625,0.774205722912235,0.6327515946137491,0.8162761339475548,2.0
vigitel,3,synthetic_only_internal_cv,SepAware_VariedGrid_Best,CatBoost,0.6600518420940806,0.85,0.745892164148295,0.6319099929128278,0.8039178773919207,3.0
vigitel,3,synthetic_only_internal_cv,SepAware_VariedGrid_Best,XGBoost,0.6864931975266255,0.85875,0.7699433914874707,0.6547218284904324,0.8006179128277817,3.0
vigitel,3,synthetic_only_internal_cv,SepAware_VariedGrid_Best,CatBoost,0.687562733826079,0.86625,0.810803083327615,0.6504695251594614,0.8407268781006378,4.0
vigitel,3,synthetic_only_internal_cv,SepAware_VariedGrid_Best,XGBoost,0.6883808552529073,0.8625,0.7871769465774916,0.6540574060949681,0.8365410170092132,4.0
vigitel,3,synthetic_only_internal_cv,SepAware_VariedGrid_Best,CatBoost,0.64301651048639,0.85125,0.7683566433566433,0.6149167134568594,0.8206889718267992,5.0
vigitel,3,synthetic_only_internal_cv,SepAware_VariedGrid_Best,XGBoost,0.6416573348264277,0.85,0.7619155868758051,0.614162565643888,0.8104832050731579,5.0
vigitel,3,train_synthetic_test_real_cv,Fixed_Realism_only_sep0.0_anchor0.0,CatBoost,0.4593150475802758,0.83,0.6653306613226453,0.502338766832034,0.46967399007795885,
vigitel,3,train_synthetic_test_real_cv,Fixed_Realism_only_sep0.0_anchor0.0,XGBoost,0.45295404814004375,0.828,0.4148296593186373,0.4987951807228916,0.4484337349397591,
vigitel,3,synthetic_only_internal_cv,Fixed_Realism_only_sep0.0_anchor0.0,CatBoost,0.46116119761913077,0.83125,0.9155193992490613,0.5036764705882353,0.6186215450035437,1.0
vigitel,3,synthetic_only_internal_cv,Fixed_Realism_only_sep0.0_anchor0.0,XGBoost,0.46116119761913077,0.83125,0.9155193992490613,0.5036764705882353,0.5711485648476258,1.0
vigitel,3,synthetic_only_internal_cv,Fixed_Realism_only_sep0.0_anchor0.0,CatBoost,0.453551912568306,0.83,0.415,0.5,0.6632375088589653,2.0
vigitel,3,synthetic_only_internal_cv,Fixed_Realism_only_sep0.0_anchor0.0,XGBoost,0.453551912568306,0.83,0.415,0.5,0.6219547306874558,2.0
vigitel,3,synthetic_only_internal_cv,Fixed_Realism_only_sep0.0_anchor0.0,CatBoost,0.453551912568306,0.83,0.415,0.5,0.6195406626506024,3.0
vigitel,3,synthetic_only_internal_cv,Fixed_Realism_only_sep0.0_anchor0.0,XGBoost,0.453551912568306,0.83,0.415,0.5,0.604314316087881,3.0
vigitel,3,synthetic_only_internal_cv,Fixed_Realism_only_sep0.0_anchor0.0,CatBoost,0.4528043775649795,0.8275,0.41478696741854637,0.49849397590361444,0.6236822289156626,4.0
vigitel,3,synthetic_only_internal_cv,Fixed_Realism_only_sep0.0_anchor0.0,XGBoost,0.453551912568306,0.83,0.415,0.5,0.5993532955350815,4.0
vigitel,3,synthetic_only_internal_cv,Fixed_Realism_only_sep0.0_anchor0.0,CatBoost,0.4528043775649795,0.8275,0.4142678347934919,0.49924585218702866,0.6255683632240094,5.0
vigitel,3,synthetic_only_internal_cv,Fixed_Realism_only_sep0.0_anchor0.0,XGBoost,0.4531784005468216,0.82875,0.414375,0.5,0.6147460668714426,5.0
vigitel,3,train_synthetic_test_real_cv,Fixed_Sep_low_sep0.25_anchor0.0,CatBoost,0.45765191169953295,0.825,0.4863329017407567,0.4993267186392629,0.5511835577604536,
vigitel,3,train_synthetic_test_real_cv,Fixed_Sep_low_sep0.25_anchor0.0,XGBoost,0.45325314379442316,0.829,0.4149149149149149,0.49939759036144576,0.5360595322466335,
vigitel,3,synthetic_only_internal_cv,Fixed_Sep_low_sep0.25_anchor0.0,CatBoost,0.453551912568306,0.83,0.415,0.5,0.6339586286321758,1.0
vigitel,3,synthetic_only_internal_cv,Fixed_Sep_low_sep0.25_anchor0.0,XGBoost,0.46116119761913077,0.83125,0.9155193992490613,0.5036764705882353,0.6255758327427356,1.0
vigitel,3,synthetic_only_internal_cv,Fixed_Sep_low_sep0.25_anchor0.0,CatBoost,0.453551912568306,0.83,0.415,0.5,0.6468041282778172,2.0
vigitel,3,synthetic_only_internal_cv,Fixed_Sep_low_sep0.25_anchor0.0,XGBoost,0.4531784005468216,0.82875,0.4148936170212766,0.4992469879518072,0.6011029411764706,2.0
vigitel,3,synthetic_only_internal_cv,Fixed_Sep_low_sep0.25_anchor0.0,CatBoost,0.453551912568306,0.83,0.415,0.5,0.6465715804394047,3.0
vigitel,3,synthetic_only_internal_cv,Fixed_Sep_low_sep0.25_anchor0.0,XGBoost,0.453551912568306,0.83,0.415,0.5,0.627524805102764,3.0
vigitel,3,synthetic_only_internal_cv,Fixed_Sep_low_sep0.25_anchor0.0,CatBoost,0.4607347489046174,0.83,0.6654135338345865,0.5029234585400425,0.6401266832034019,4.0
vigitel,3,synthetic_only_internal_cv,Fixed_Sep_low_sep0.25_anchor0.0,XGBoost,0.453551912568306,0.83,0.415,0.5,0.6044472005669739,4.0
vigitel,3,synthetic_only_internal_cv,Fixed_Sep_low_sep0.25_anchor0.0,CatBoost,0.4528043775649795,0.8275,0.4142678347934919,0.49924585218702866,0.6415761138818245,5.0
vigitel,3,synthetic_only_internal_cv,Fixed_Sep_low_sep0.25_anchor0.0,XGBoost,0.4531784005468216,0.82875,0.414375,0.5,0.6119166363906596,5.0
vigitel,3,train_synthetic_test_real_cv,Fixed_Sep_medium_sep0.5_anchor0.0,CatBoost,0.5224502060439561,0.822,0.616807090491301,0.5302622253720766,0.6214528703047485,
vigitel,3,train_synthetic_test_real_cv,Fixed_Sep_medium_sep0.5_anchor0.0,XGBoost,0.5067209273646566,0.824,0.6146384479717814,0.522111977321049,0.6155988660524451,
vigitel,3,synthetic_only_internal_cv,Fixed_Sep_medium_sep0.5_anchor0.0,CatBoost,0.47606596447687843,0.83375,0.9165621079046424,0.5110294117647058,0.7277972182849044,1.0
vigitel,3,synthetic_only_internal_cv,Fixed_Sep_medium_sep0.5_anchor0.0,XGBoost,0.48164395659248094,0.83125,0.7024860385516123,0.5124468462083629,0.6941885187810063,1.0
vigitel,3,synthetic_only_internal_cv,Fixed_Sep_medium_sep0.5_anchor0.0,CatBoost,0.48686976511182584,0.82875,0.644256250720129,0.5138642806520198,0.6576563607370658,2.0
vigitel,3,synthetic_only_internal_cv,Fixed_Sep_medium_sep0.5_anchor0.0,XGBoost,0.5049482589626498,0.82875,0.6535572083239426,0.5226346562721474,0.6541017009213324,2.0
vigitel,3,synthetic_only_internal_cv,Fixed_Sep_medium_sep0.5_anchor0.0,CatBoost,0.48050716909586444,0.82875,0.6387835370136254,0.5109408221119773,0.7256710666194188,3.0
vigitel,3,synthetic_only_internal_cv,Fixed_Sep_medium_sep0.5_anchor0.0,XGBoost,0.4739646078012585,0.82875,0.6304269500990812,0.5080173635719348,0.7200234762579731,3.0
vigitel,3,synthetic_only_internal_cv,Fixed_Sep_medium_sep0.5_anchor0.0,CatBoost,0.5186003484758671,0.8325,0.6972151179312305,0.5307406094968108,0.6860050496102055,4.0
vigitel,3,synthetic_only_internal_cv,Fixed_Sep_medium_sep0.5_anchor0.0,XGBoost,0.4822156533163315,0.8325,0.7502099076406381,0.5131998582565556,0.690512048192771,4.0
vigitel,3,synthetic_only_internal_cv,Fixed_Sep_medium_sep0.5_anchor0.0,CatBoost,0.47448752873896327,0.83,0.7157232704402516,0.5094406094835464,0.6745384285100903,5.0
vigitel,3,synthetic_only_internal_cv,Fixed_Sep_medium_sep0.5_anchor0.0,XGBoost,0.5032586799383814,0.83625,0.8554292929292929,0.5247932974425031,0.6604022855632988,5.0
vigitel,3,train_synthetic_test_real_cv,Fixed_Sep_high_sep1.0_anchor0.0,CatBoost,0.5826800521064907,0.786,0.5940860215053764,0.5763997165131113,0.6382423812898652,
vigitel,3,train_synthetic_test_real_cv,Fixed_Sep_high_sep1.0_anchor0.0,XGBoost,0.5812024797532044,0.787,0.5937619594336012,0.5746633593196315,0.6437278525868179,
vigitel,3,synthetic_only_internal_cv,Fixed_Sep_high_sep1.0_anchor0.0,CatBoost,0.6667172820327131,0.86625,0.8455481972038263,0.6300053153791637,0.866174255846917,1.0
vigitel,3,synthetic_only_internal_cv,Fixed_Sep_high_sep1.0_anchor0.0,XGBoost,0.6668895043453347,0.86375,0.8225087638251039,0.6314227498228207,0.855908929836995,1.0
vigitel,3,synthetic_only_internal_cv,Fixed_Sep_high_sep1.0_anchor0.0,CatBoost,0.6383064880739427,0.85625,0.8034008171791958,0.609363926293409,0.8417235116938342,2.0
vigitel,3,synthetic_only_internal_cv,Fixed_Sep_high_sep1.0_anchor0.0,XGBoost,0.6655468458379993,0.86,0.7960977062853738,0.6320871722182849,0.8345588235294116,2.0
vigitel,3,synthetic_only_internal_cv,Fixed_Sep_high_sep1.0_anchor0.0,CatBoost,0.6174833470207136,0.83625,0.7010110020814748,0.5973157335223246,0.8044051204819278,3.0
vigitel,3,synthetic_only_internal_cv,Fixed_Sep_high_sep1.0_anchor0.0,XGBoost,0.6360956447842139,0.83875,0.7085887072142698,0.6134390503189228,0.7937079199149539,3.0
vigitel,3,synthetic_only_internal_cv,Fixed_Sep_high_sep1.0_anchor0.0,CatBoost,0.6536020903322135,0.855,0.7762387051931288,0.6232282069454288,0.8451674344436568,4.0
vigitel,3,synthetic_only_internal_cv,Fixed_Sep_high_sep1.0_anchor0.0,XGBoost,0.6421815195553666,0.8475,0.7429593828422716,0.6157866761162296,0.8416681431608788,4.0
vigitel,3,synthetic_only_internal_cv,Fixed_Sep_high_sep1.0_anchor0.0,CatBoost,0.6597791497411682,0.855,0.776156407168662,0.6287611057898734,0.8252909249044929,5.0
vigitel,3,synthetic_only_internal_cv,Fixed_Sep_high_sep1.0_anchor0.0,XGBoost,0.6757520651078375,0.85875,0.7830885566920185,0.6426054981228876,0.8186852506302914,5.0
vigitel,3,train_synthetic_test_real_cv,Fixed_Anchor_low_sep0.0_anchor0.25,CatBoost,0.45325314379442316,0.829,0.4149149149149149,0.49939759036144576,0.4730758327427356,
vigitel,3,train_synthetic_test_real_cv,Fixed_Anchor_low_sep0.0_anchor0.25,XGBoost,0.45325314379442316,0.829,0.4149149149149149,0.49939759036144576,0.4670092133238838,
vigitel,3,synthetic_only_internal_cv,Fixed_Anchor_low_sep0.0_anchor0.25,CatBoost,0.4528043775649795,0.8275,0.41478696741854637,0.49849397590361444,0.6583650779588944,1.0
vigitel,3,synthetic_only_internal_cv,Fixed_Anchor_low_sep0.0_anchor0.25,XGBoost,0.4531784005468216,0.82875,0.4148936170212766,0.4992469879518072,0.6062079199149538,1.0
vigitel,3,synthetic_only_internal_cv,Fixed_Anchor_low_sep0.0_anchor0.25,CatBoost,0.4531784005468216,0.82875,0.4148936170212766,0.4992469879518072,0.6485094790928421,2.0
vigitel,3,synthetic_only_internal_cv,Fixed_Anchor_low_sep0.0_anchor0.25,XGBoost,0.453551912568306,0.83,0.415,0.5,0.6226855953224664,2.0
vigitel,3,synthetic_only_internal_cv,Fixed_Anchor_low_sep0.0_anchor0.25,CatBoost,0.453551912568306,0.83,0.415,0.5,0.6352542523033311,3.0
vigitel,3,synthetic_only_internal_cv,Fixed_Anchor_low_sep0.0_anchor0.25,XGBoost,0.4531784005468216,0.82875,0.4148936170212766,0.4992469879518072,0.5979247873848335,3.0
vigitel,3,synthetic_only_internal_cv,Fixed_Anchor_low_sep0.0_anchor0.25,CatBoost,0.4528043775649795,0.8275,0.41478696741854637,0.49849397590361444,0.5991871899362154,4.0
vigitel,3,synthetic_only_internal_cv,Fixed_Anchor_low_sep0.0_anchor0.25,XGBoost,0.4531784005468216,0.82875,0.4148936170212766,0.4992469879518072,0.5544494153082921,4.0
vigitel,3,synthetic_only_internal_cv,Fixed_Anchor_low_sep0.0_anchor0.25,CatBoost,0.46030854987467934,0.82875,0.6647869674185464,0.5028954872235251,0.6722594708854905,5.0
vigitel,3,synthetic_only_internal_cv,Fixed_Anchor_low_sep0.0_anchor0.25,XGBoost,0.4531784005468216,0.82875,0.414375,0.5,0.6303134392443108,5.0
vigitel,3,train_synthetic_test_real_cv,Fixed_Anchor_medium_sep0.0_anchor0.5,CatBoost,0.458982317264159,0.829,0.5819124038783016,0.5017363571934799,0.45430900070871727,
vigitel,3,train_synthetic_test_real_cv,Fixed_Anchor_medium_sep0.0_anchor0.5,XGBoost,0.453551912568306,0.83,0.415,0.5,0.47616583982990784,
vigitel,3,synthetic_only_internal_cv,Fixed_Anchor_medium_sep0.0_anchor0.5,CatBoost,0.4531784005468216,0.82875,0.4148936170212766,0.4992469879518072,0.6176913536498937,1.0
vigitel,3,synthetic_only_internal_cv,Fixed_Anchor_medium_sep0.0_anchor0.5,XGBoost,0.4531784005468216,0.82875,0.4148936170212766,0.4992469879518072,0.6002834868887315,1.0
vigitel,3,synthetic_only_internal_cv,Fixed_Anchor_medium_sep0.0_anchor0.5,CatBoost,0.453551912568306,0.83,0.415,0.5,0.6499490609496811,2.0
vigitel,3,synthetic_only_internal_cv,Fixed_Anchor_medium_sep0.0_anchor0.5,XGBoost,0.453551912568306,0.83,0.415,0.5,0.638720322466336,2.0
vigitel,3,synthetic_only_internal_cv,Fixed_Anchor_medium_sep0.0_anchor0.5,CatBoost,0.4531784005468216,0.82875,0.4148936170212766,0.4992469879518072,0.6252768426647767,3.0
vigitel,3,synthetic_only_internal_cv,Fixed_Anchor_medium_sep0.0_anchor0.5,XGBoost,0.453551912568306,0.83,0.415,0.5,0.6176913536498937,3.0
vigitel,3,synthetic_only_internal_cv,Fixed_Anchor_medium_sep0.0_anchor0.5,CatBoost,0.46116119761913077,0.83125,0.9155193992490613,0.5036764705882353,0.6269711197732104,4.0
vigitel,3,synthetic_only_internal_cv,Fixed_Anchor_medium_sep0.0_anchor0.5,XGBoost,0.453551912568306,0.83,0.415,0.5,0.6295069985825654,4.0
vigitel,3,synthetic_only_internal_cv,Fixed_Anchor_medium_sep0.0_anchor0.5,CatBoost,0.4528043775649795,0.8275,0.4142678347934919,0.49924585218702866,0.6107606433926742,5.0
vigitel,3,synthetic_only_internal_cv,Fixed_Anchor_medium_sep0.0_anchor0.5,XGBoost,0.4531784005468216,0.82875,0.414375,0.5,0.6054871134304368,5.0
vigitel,3,train_synthetic_test_real_cv,Fixed_Balanced_low_sep0.25_anchor0.25,CatBoost,0.469653054428397,0.828,0.6033266129032258,0.5058114812189937,0.5698440822111976,
vigitel,3,train_synthetic_test_real_cv,Fixed_Balanced_low_sep0.25_anchor0.25,XGBoost,0.4753941446623655,0.829,0.6384684381657136,0.5087526576895819,0.5686888731396172,
vigitel,3,synthetic_only_internal_cv,Fixed_Balanced_low_sep0.25_anchor0.25,CatBoost,0.4528043775649795,0.8275,0.41478696741854637,0.49849397590361444,0.6517208540042523,1.0
vigitel,3,synthetic_only_internal_cv,Fixed_Balanced_low_sep0.25_anchor0.25,XGBoost,0.453551912568306,0.83,0.415,0.5,0.6456856839121191,1.0
vigitel,3,synthetic_only_internal_cv,Fixed_Balanced_low_sep0.25_anchor0.25,CatBoost,0.46116119761913077,0.83125,0.9155193992490613,0.5036764705882353,0.6586862154500355,2.0
vigitel,3,synthetic_only_internal_cv,Fixed_Balanced_low_sep0.25_anchor0.25,XGBoost,0.46116119761913077,0.83125,0.9155193992490613,0.5036764705882353,0.6276466158752658,2.0
vigitel,3,synthetic_only_internal_cv,Fixed_Balanced_low_sep0.25_anchor0.25,CatBoost,0.4528043775649795,0.8275,0.41478696741854637,0.49849397590361444,0.6416327072997874,3.0
vigitel,3,synthetic_only_internal_cv,Fixed_Balanced_low_sep0.25_anchor0.25,XGBoost,0.4531784005468216,0.82875,0.4148936170212766,0.4992469879518072,0.6274362154500355,3.0
vigitel,3,synthetic_only_internal_cv,Fixed_Balanced_low_sep0.25_anchor0.25,CatBoost,0.4607347489046174,0.83,0.6654135338345865,0.5029234585400425,0.6804792700212615,4.0
vigitel,3,synthetic_only_internal_cv,Fixed_Balanced_low_sep0.25_anchor0.25,XGBoost,0.4607347489046174,0.83,0.6654135338345865,0.5029234585400425,0.6701585754783842,4.0
vigitel,3,synthetic_only_internal_cv,Fixed_Balanced_low_sep0.25_anchor0.25,CatBoost,0.4531784005468216,0.82875,0.414375,0.5,0.6773898779051206,5.0
vigitel,3,synthetic_only_internal_cv,Fixed_Balanced_low_sep0.25_anchor0.25,XGBoost,0.4531784005468216,0.82875,0.414375,0.5,0.6498442161817,5.0
vigitel,3,train_synthetic_test_real_cv,Fixed_Balanced_medium_sep0.5_anchor0.25,CatBoost,0.5152048193409434,0.817,0.5893969836465831,0.5249114103472714,0.6198369950389795,
vigitel,3,train_synthetic_test_real_cv,Fixed_Balanced_medium_sep0.5_anchor0.25,XGBoost,0.5117173876043181,0.825,0.6255371284491636,0.5250531537916372,0.6171793054571227,
vigitel,3,synthetic_only_internal_cv,Fixed_Balanced_medium_sep0.5_anchor0.25,CatBoost,0.4850574712643678,0.825,0.5952380952380952,0.5116052445074416,0.6893825301204819,1.0
vigitel,3,synthetic_only_internal_cv,Fixed_Balanced_medium_sep0.5_anchor0.25,XGBoost,0.5004602241453476,0.83125,0.6872739712638061,0.5212172218284904,0.6732149184975194,1.0
vigitel,3,synthetic_only_internal_cv,Fixed_Balanced_medium_sep0.5_anchor0.25,CatBoost,0.5160449705904252,0.8375,0.7944162436548223,0.5308291991495394,0.7180745038979447,2.0
vigitel,3,synthetic_only_internal_cv,Fixed_Balanced_medium_sep0.5_anchor0.25,XGBoost,0.5018516697800937,0.83375,0.7364327687521603,0.522723245924876,0.7066464386959602,2.0
vigitel,3,synthetic_only_internal_cv,Fixed_Balanced_medium_sep0.5_anchor0.25,CatBoost,0.4827896305154118,0.83375,0.8169811320754717,0.5139528703047483,0.7324038802267895,3.0
vigitel,3,synthetic_only_internal_cv,Fixed_Balanced_medium_sep0.5_anchor0.25,XGBoost,0.47448752873896327,0.83,0.6662468513853904,0.5087703756201276,0.7200899184975195,3.0
vigitel,3,synthetic_only_internal_cv,Fixed_Balanced_medium_sep0.5_anchor0.25,CatBoost,0.5266293571102709,0.83625,0.7437082112538502,0.5359231041814316,0.743200744153083,4.0
vigitel,3,synthetic_only_internal_cv,Fixed_Balanced_medium_sep0.5_anchor0.25,XGBoost,0.5338563898261447,0.83875,0.7737585455638194,0.5403525868178597,0.732016300496102,4.0
vigitel,3,synthetic_only_internal_cv,Fixed_Balanced_medium_sep0.5_anchor0.25,CatBoost,0.47825845632958525,0.82375,0.5822758037225042,0.5085653576422147,0.6823881714392663,5.0
vigitel,3,synthetic_only_internal_cv,Fixed_Balanced_medium_sep0.5_anchor0.25,XGBoost,0.49241379310344824,0.8275,0.6475417847717722,0.5166187755281787,0.6711475157160001,5.0
vigitel,3,train_synthetic_test_real_cv,Fixed_Balanced_high_sep1.0_anchor0.5,CatBoost,0.5802504956719378,0.783,0.5901305930207664,0.5745924875974486,0.6495605953224663,
vigitel,3,train_synthetic_test_real_cv,Fixed_Balanced_high_sep1.0_anchor0.5,XGBoost,0.5857570435888609,0.787,0.5970852737379782,0.5793408929836995,0.6511622962437987,
vigitel,3,synthetic_only_internal_cv,Fixed_Balanced_high_sep1.0_anchor0.5,CatBoost,0.6513838595354613,0.85875,0.8052753524907462,0.619640326009922,0.842963766832034,1.0
vigitel,3,synthetic_only_internal_cv,Fixed_Balanced_high_sep1.0_anchor0.5,XGBoost,0.6715192235908921,0.8625,0.8060272068314964,0.636516654854713,0.8393980333097094,1.0
vigitel,3,synthetic_only_internal_cv,Fixed_Balanced_high_sep1.0_anchor0.5,CatBoost,0.6700344457284695,0.86125,0.7992068334350213,0.6357636428065202,0.8265746810772502,2.0
vigitel,3,synthetic_only_internal_cv,Fixed_Balanced_high_sep1.0_anchor0.5,XGBoost,0.6642029382242906,0.85625,0.774205722912235,0.6327515946137491,0.8162761339475548,2.0
vigitel,3,synthetic_only_internal_cv,Fixed_Balanced_high_sep1.0_anchor0.5,CatBoost,0.6600518420940806,0.85,0.745892164148295,0.6319099929128278,0.8039178773919207,3.0
vigitel,3,synthetic_only_internal_cv,Fixed_Balanced_high_sep1.0_anchor0.5,XGBoost,0.6864931975266255,0.85875,0.7699433914874707,0.6547218284904324,0.8006179128277817,3.0
vigitel,3,synthetic_only_internal_cv,Fixed_Balanced_high_sep1.0_anchor0.5,CatBoost,0.687562733826079,0.86625,0.810803083327615,0.6504695251594614,0.8407268781006378,4.0
vigitel,3,synthetic_only_internal_cv,Fixed_Balanced_high_sep1.0_anchor0.5,XGBoost,0.6883808552529073,0.8625,0.7871769465774916,0.6540574060949681,0.8365410170092132,4.0
vigitel,3,synthetic_only_internal_cv,Fixed_Balanced_high_sep1.0_anchor0.5,CatBoost,0.64301651048639,0.85125,0.7683566433566433,0.6149167134568594,0.8206889718267992,5.0
vigitel,3,synthetic_only_internal_cv,Fixed_Balanced_high_sep1.0_anchor0.5,XGBoost,0.6416573348264277,0.85,0.7619155868758051,0.614162565643888,0.8104832050731579,5.0
vigitel,4,train_real_test_real_cv,Real,CatBoost,0.45765191169953295,0.825,0.4863329017407567,0.4993267186392629,0.6529553508150248,
vigitel,4,train_real_test_real_cv,Real,XGBoost,0.46312266266616353,0.825,0.5263482453189819,0.501665485471297,0.6391708008504606,
vigitel,4,train_synthetic_test_real_cv,Standard_CTGAN,CatBoost,0.46385017556582403,0.827,0.5582649978420371,0.5028703047484054,0.4982919914953934,
vigitel,4,train_synthetic_test_real_cv,Standard_CTGAN,XGBoost,0.45765191169953295,0.825,0.4863329017407567,0.4993267186392629,0.5037632884479093,
vigitel,4,synthetic_only_internal_cv,Standard_CTGAN,CatBoost,0.441340782122905,0.79,0.3954943679599499,0.49921011058451814,0.5390545922373263,1.0
vigitel,4,synthetic_only_internal_cv,Standard_CTGAN,XGBoost,0.44629014396456257,0.7875,0.49559748427672956,0.4998344543141206,0.5175998713473526,1.0
vigitel,4,synthetic_only_internal_cv,Standard_CTGAN,CatBoost,0.44173063503140264,0.79125,0.395625,0.5,0.5221689322776248,2.0
vigitel,4,synthetic_only_internal_cv,Standard_CTGAN,XGBoost,0.44671569289447083,0.78875,0.5207286432160805,0.5006243437296024,0.5241649402616568,2.0
vigitel,4,synthetic_only_internal_cv,Standard_CTGAN,CatBoost,0.4475663561294911,0.79125,0.6459899749373433,0.502204122560566,0.5512103754576156,3.0
vigitel,4,synthetic_only_internal_cv,Standard_CTGAN,XGBoost,0.4471410941999177,0.79,0.562526139690506,0.5014142331450843,0.5479278410004635,3.0
vigitel,4,synthetic_only_internal_cv,Standard_CTGAN,CatBoost,0.4479914870976323,0.7925,0.8961201501877347,0.5029940119760479,0.5156227828702784,4.0
vigitel,4,synthetic_only_internal_cv,Standard_CTGAN,XGBoost,0.441340782122905,0.79,0.3954943679599499,0.49921011058451814,0.5052548930574869,4.0
vigitel,4,synthetic_only_internal_cv,Standard_CTGAN,CatBoost,0.441340782122905,0.79,0.39598997493734334,0.49842271293375395,0.5421496712401657,5.0
vigitel,4,synthetic_only_internal_cv,Standard_CTGAN,XGBoost,0.441340782122905,0.79,0.39598997493734334,0.49842271293375395,0.5460738854471513,5.0
vigitel,4,train_synthetic_test_real_cv,SepAware_VariedGrid_Best,CatBoost,0.5558163382815028,0.757,0.5578386260776269,0.554252303330971,0.6189652728561303,
vigitel,4,train_synthetic_test_real_cv,SepAware_VariedGrid_Best,XGBoost,0.5579069951333827,0.754,0.5587874897887735,0.5571226080793763,0.6236002834868887,
vigitel,4,synthetic_only_internal_cv,SepAware_VariedGrid_Best,CatBoost,0.5876562915669061,0.845,0.76953125,0.5733522324592488,0.7664555279943303,1.0
vigitel,4,synthetic_only_internal_cv,SepAware_VariedGrid_Best,XGBoost,0.5821337088558403,0.84375,0.7639372456898359,0.5696757618710135,0.762790131112686,1.0
vigitel,4,synthetic_only_internal_cv,SepAware_VariedGrid_Best,CatBoost,0.5303558230387498,0.82625,0.6443713940695022,0.5357459248759745,0.7745947023387668,2.0
vigitel,4,synthetic_only_internal_cv,SepAware_VariedGrid_Best,XGBoost,0.5534219046555766,0.83125,0.6800007901702817,0.5504518072289157,0.7755138199858258,2.0
vigitel,4,synthetic_only_internal_cv,SepAware_VariedGrid_Best,CatBoost,0.6624676029172443,0.86,0.799876593994241,0.6291637136782424,0.8013155563430192,3.0
vigitel,4,synthetic_only_internal_cv,SepAware_VariedGrid_Best,XGBoost,0.6593207707867561,0.86,0.804,0.6262402551381998,0.7943169737774628,3.0
vigitel,4,synthetic_only_internal_cv,SepAware_VariedGrid_Best,CatBoost,0.5850357507660878,0.8375,0.7131578947368421,0.5717576187101346,0.7785923104181431,4.0
vigitel,4,synthetic_only_internal_cv,SepAware_VariedGrid_Best,XGBoost,0.5733333333333333,0.83375,0.6936722935408874,0.5636516654854713,0.7817040219702338,4.0
vigitel,4,synthetic_only_internal_cv,SepAware_VariedGrid_Best,CatBoost,0.6257258441808624,0.85125,0.7865623822088201,0.6004392773392344,0.7932754235888627,5.0
vigitel,4,synthetic_only_internal_cv,SepAware_VariedGrid_Best,XGBoost,0.6342162773756568,0.8525,0.786019131714496,0.6069843995992558,0.7881670354834804,5.0
vigitel,4,train_synthetic_test_real_cv,Fixed_Realism_only_sep0.0_anchor0.0,CatBoost,0.4774787468883566,0.822,0.5548766689296221,0.5068745570517363,0.5192700212615166,
vigitel,4,train_synthetic_test_real_cv,Fixed_Realism_only_sep0.0_anchor0.0,XGBoost,0.4645792563600783,0.829,0.6155778894472361,0.5040751240255138,0.5473919206236711,
vigitel,4,synthetic_only_internal_cv,Fixed_Realism_only_sep0.0_anchor0.0,CatBoost,0.4531784005468216,0.82875,0.4148936170212766,0.4992469879518072,0.526665485471297,1.0
vigitel,4,synthetic_only_internal_cv,Fixed_Realism_only_sep0.0_anchor0.0,XGBoost,0.4531784005468216,0.82875,0.4148936170212766,0.4992469879518072,0.488959514528703,1.0
vigitel,4,synthetic_only_internal_cv,Fixed_Realism_only_sep0.0_anchor0.0,CatBoost,0.46116119761913077,0.83125,0.9155193992490613,0.5036764705882353,0.5627325478384124,2.0
vigitel,4,synthetic_only_internal_cv,Fixed_Realism_only_sep0.0_anchor0.0,XGBoost,0.4607347489046174,0.83,0.6654135338345865,0.5029234585400425,0.5827538093550674,2.0
vigitel,4,synthetic_only_internal_cv,Fixed_Realism_only_sep0.0_anchor0.0,CatBoost,0.46030854987467934,0.82875,0.581974069427018,0.5021704464918497,0.5274627923458539,3.0
vigitel,4,synthetic_only_internal_cv,Fixed_Realism_only_sep0.0_anchor0.0,XGBoost,0.4607347489046174,0.83,0.6654135338345865,0.5029234585400425,0.524794029057406,3.0
vigitel,4,synthetic_only_internal_cv,Fixed_Realism_only_sep0.0_anchor0.0,CatBoost,0.4531784005468216,0.82875,0.4148936170212766,0.4992469879518072,0.5353029766123316,4.0
vigitel,4,synthetic_only_internal_cv,Fixed_Realism_only_sep0.0_anchor0.0,XGBoost,0.46116119761913077,0.83125,0.9155193992490613,0.5036764705882353,0.5300651133947555,4.0
vigitel,4,synthetic_only_internal_cv,Fixed_Realism_only_sep0.0_anchor0.0,CatBoost,0.45945683189204695,0.82625,0.539572864321608,0.5013871915975824,0.5582565423698959,5.0
vigitel,4,synthetic_only_internal_cv,Fixed_Realism_only_sep0.0_anchor0.0,XGBoost,0.45242984257357977,0.82625,0.4141604010025063,0.4984917043740573,0.5430965199106033,5.0
vigitel,4,train_synthetic_test_real_cv,Fixed_Sep_low_sep0.25_anchor0.0,CatBoost,0.47881766063584247,0.825,0.5829103214890017,0.508681785967399,0.5779021970233877,
vigitel,4,train_synthetic_test_real_cv,Fixed_Sep_low_sep0.25_anchor0.0,XGBoost,0.4645792563600783,0.829,0.6155778894472361,0.5040751240255138,0.5911055988660525,
vigitel,4,synthetic_only_internal_cv,Fixed_Sep_low_sep0.25_anchor0.0,CatBoost,0.453551912568306,0.83,0.415,0.5,0.5997851700921333,1.0
vigitel,4,synthetic_only_internal_cv,Fixed_Sep_low_sep0.25_anchor0.0,XGBoost,0.4607347489046174,0.83,0.6654135338345865,0.5029234585400425,0.6221872785258681,1.0
vigitel,4,synthetic_only_internal_cv,Fixed_Sep_low_sep0.25_anchor0.0,CatBoost,0.47448752873896327,0.83,0.6662468513853904,0.5087703756201276,0.5373405386250886,2.0
vigitel,4,synthetic_only_internal_cv,Fixed_Sep_low_sep0.25_anchor0.0,XGBoost,0.4874790375157807,0.83,0.6670886075949367,0.5146172927002126,0.5424898121899362,2.0
vigitel,4,synthetic_only_internal_cv,Fixed_Sep_low_sep0.25_anchor0.0,CatBoost,0.4531784005468216,0.82875,0.4148936170212766,0.4992469879518072,0.5786786853295536,3.0
vigitel,4,synthetic_only_internal_cv,Fixed_Sep_low_sep0.25_anchor0.0,XGBoost,0.453551912568306,0.83,0.415,0.5,0.5521460843373494,3.0
vigitel,4,synthetic_only_internal_cv,Fixed_Sep_low_sep0.25_anchor0.0,CatBoost,0.4531784005468216,0.82875,0.4148936170212766,0.4992469879518072,0.5999291282778171,4.0
vigitel,4,synthetic_only_internal_cv,Fixed_Sep_low_sep0.25_anchor0.0,XGBoost,0.4607347489046174,0.83,0.6654135338345865,0.5029234585400425,0.6059532246633594,4.0
vigitel,4,synthetic_only_internal_cv,Fixed_Sep_low_sep0.25_anchor0.0,CatBoost,0.46030854987467934,0.82875,0.6647869674185464,0.5028954872235251,0.6080192885688807,5.0
vigitel,4,synthetic_only_internal_cv,Fixed_Sep_low_sep0.25_anchor0.0,XGBoost,0.4528043775649795,0.8275,0.4142678347934919,0.49924585218702866,0.5727119595732735,5.0
vigitel,4,train_synthetic_test_real_cv,Fixed_Sep_medium_sep0.5_anchor0.0,CatBoost,0.5091044590102223,0.807,0.5550631211388666,0.5188873139617293,0.6180226789510985,
vigitel,4,train_synthetic_test_real_cv,Fixed_Sep_medium_sep0.5_anchor0.0,XGBoost,0.5283714075165807,0.808,0.5780141843971631,0.5311835577604536,0.6272714386959602,
vigitel,4,synthetic_only_internal_cv,Fixed_Sep_medium_sep0.5_anchor0.0,CatBoost,0.4827896305154118,0.83375,0.8169811320754717,0.5139528703047483,0.6714763465627215,1.0
vigitel,4,synthetic_only_internal_cv,Fixed_Sep_medium_sep0.5_anchor0.0,XGBoost,0.4822156533163315,0.8325,0.7502099076406381,0.5131998582565556,0.6783198972360028,1.0
vigitel,4,synthetic_only_internal_cv,Fixed_Sep_medium_sep0.5_anchor0.0,CatBoost,0.4739646078012585,0.82875,0.6304269500990812,0.5080173635719348,0.6590737951807228,2.0
vigitel,4,synthetic_only_internal_cv,Fixed_Sep_medium_sep0.5_anchor0.0,XGBoost,0.4793788127776919,0.82625,0.5981679917041134,0.5094347980155918,0.649616849751949,2.0
vigitel,4,synthetic_only_internal_cv,Fixed_Sep_medium_sep0.5_anchor0.0,CatBoost,0.4874790375157807,0.83,0.6670886075949367,0.5146172927002126,0.6370592664776754,3.0
vigitel,4,synthetic_only_internal_cv,Fixed_Sep_medium_sep0.5_anchor0.0,XGBoost,0.4930596348734268,0.82875,0.6481771087870198,0.5167877391920623,0.6322532778171509,3.0
vigitel,4,synthetic_only_internal_cv,Fixed_Sep_medium_sep0.5_anchor0.0,CatBoost,0.4880910060433701,0.83125,0.6949712038207614,0.5153703047484054,0.699514971651311,4.0
vigitel,4,synthetic_only_internal_cv,Fixed_Sep_medium_sep0.5_anchor0.0,XGBoost,0.4937085846176755,0.83,0.6675126903553299,0.5175407512402551,0.6852298901488306,4.0
vigitel,4,synthetic_only_internal_cv,Fixed_Sep_medium_sep0.5_anchor0.0,CatBoost,0.5032586799383814,0.83625,0.8554292929292929,0.5247932974425031,0.6414990476819588,5.0
vigitel,4,synthetic_only_internal_cv,Fixed_Sep_medium_sep0.5_anchor0.0,XGBoost,0.5160449705904252,0.8375,0.8279755732227215,0.5313384197025245,0.6434807499642192,5.0
vigitel,4,train_synthetic_test_real_cv,Fixed_Sep_high_sep1.0_anchor0.0,CatBoost,0.546526392163976,0.77,0.5548308486238532,0.5433734939759036,0.6182919914953933,
vigitel,4,train_synthetic_test_real_cv,Fixed_Sep_high_sep1.0_anchor0.0,XGBoost,0.5501358589705909,0.775,0.5606743239610276,0.5463855421686747,0.6221970233876684,
vigitel,4,synthetic_only_internal_cv,Fixed_Sep_high_sep1.0_anchor0.0,CatBoost,0.6231101974388624,0.84875,0.7631346578366446,0.5989989369241673,0.7771305811481221,1.0
vigitel,4,synthetic_only_internal_cv,Fixed_Sep_high_sep1.0_anchor0.0,XGBoost,0.6156762787299848,0.84875,0.7703171695748579,0.5931520198440822,0.7802533664068037,1.0
vigitel,4,synthetic_only_internal_cv,Fixed_Sep_high_sep1.0_anchor0.0,CatBoost,0.6181533646322379,0.8475,0.7587782587782588,0.595322466335932,0.7925119596031184,2.0
vigitel,4,synthetic_only_internal_cv,Fixed_Sep_high_sep1.0_anchor0.0,XGBoost,0.5891211934449028,0.8375,0.7118356577459479,0.5746810772501771,0.7842620481927711,2.0
vigitel,4,synthetic_only_internal_cv,Fixed_Sep_high_sep1.0_anchor0.0,CatBoost,0.5687619875392271,0.83875,0.7303787910566719,0.5608167965981573,0.767983699503898,3.0
vigitel,4,synthetic_only_internal_cv,Fixed_Sep_high_sep1.0_anchor0.0,XGBoost,0.5620761268809207,0.83625,0.7135995637400898,0.5563873139617292,0.7646283664068037,3.0
vigitel,4,synthetic_only_internal_cv,Fixed_Sep_high_sep1.0_anchor0.0,CatBoost,0.5631059804069836,0.8375,0.7233766233766233,0.557140326009922,0.7754473777462794,4.0
vigitel,4,synthetic_only_internal_cv,Fixed_Sep_high_sep1.0_anchor0.0,XGBoost,0.5524475524475525,0.83,0.6723237597911227,0.5496987951807228,0.7724685506732812,4.0
vigitel,4,synthetic_only_internal_cv,Fixed_Sep_high_sep1.0_anchor0.0,CatBoost,0.6088771514890665,0.85375,0.843939393939394,0.5874701368475521,0.7973379132674968,5.0
vigitel,4,synthetic_only_internal_cv,Fixed_Sep_high_sep1.0_anchor0.0,XGBoost,0.5876562915669061,0.845,0.7800662779479005,0.5735046404861777,0.7957745703559358,5.0
vigitel,4,train_synthetic_test_real_cv,Fixed_Anchor_low_sep0.0_anchor0.25,CatBoost,0.4866950756137639,0.831,0.6898152403713577,0.5146350106307583,0.5235223245924876,
vigitel,4,train_synthetic_test_real_cv,Fixed_Anchor_low_sep0.0_anchor0.25,XGBoost,0.471239188729841,0.832,0.7911646586345382,0.5082211197732105,0.5571934798015592,
vigitel,4,synthetic_only_internal_cv,Fixed_Anchor_low_sep0.0_anchor0.25,CatBoost,0.4531784005468216,0.82875,0.4148936170212766,0.4992469879518072,0.4563695960311836,1.0
vigitel,4,synthetic_only_internal_cv,Fixed_Anchor_low_sep0.0_anchor0.25,XGBoost,0.4531784005468216,0.82875,0.4148936170212766,0.4992469879518072,0.4849951275690999,1.0
vigitel,4,synthetic_only_internal_cv,Fixed_Anchor_low_sep0.0_anchor0.25,CatBoost,0.45242984257357977,0.82625,0.41468005018820575,0.4977409638554217,0.5419250531537917,2.0
vigitel,4,synthetic_only_internal_cv,Fixed_Anchor_low_sep0.0_anchor0.25,XGBoost,0.4520547945205479,0.825,0.41457286432160806,0.49698795180722893,0.5332543408929837,2.0
vigitel,4,synthetic_only_internal_cv,Fixed_Anchor_low_sep0.0_anchor0.25,CatBoost,0.46866512024425544,0.8325,0.9160401002506265,0.5073529411764706,0.5441508681785967,3.0
vigitel,4,synthetic_only_internal_cv,Fixed_Anchor_low_sep0.0_anchor0.25,XGBoost,0.453551912568306,0.83,0.415,0.5,0.5380492558469171,3.0
vigitel,4,synthetic_only_internal_cv,Fixed_Anchor_low_sep0.0_anchor0.25,CatBoost,0.453551912568306,0.83,0.415,0.5,0.4844525159461375,4.0
vigitel,4,synthetic_only_internal_cv,Fixed_Anchor_low_sep0.0_anchor0.25,XGBoost,0.4531784005468216,0.82875,0.4148936170212766,0.4992469879518072,0.4801891389085754,4.0
vigitel,4,synthetic_only_internal_cv,Fixed_Anchor_low_sep0.0_anchor0.25,CatBoost,0.46030854987467934,0.82875,0.6647869674185464,0.5028954872235251,0.5500324778985148,5.0
vigitel,4,synthetic_only_internal_cv,Fixed_Anchor_low_sep0.0_anchor0.25,XGBoost,0.4531784005468216,0.82875,0.414375,0.5,0.5386266803183936,5.0
vigitel,4,train_synthetic_test_real_cv,Fixed_Anchor_medium_sep0.0_anchor0.5,CatBoost,0.4584255162241888,0.812,0.4595649749023982,0.49383416017009213,0.5282565556343018,
vigitel,4,train_synthetic_test_real_cv,Fixed_Anchor_medium_sep0.0_anchor0.5,XGBoost,0.47496947496947495,0.828,0.6161616161616161,0.5081502480510276,0.5528065201984408,
vigitel,4,synthetic_only_internal_cv,Fixed_Anchor_medium_sep0.0_anchor0.5,CatBoost,0.45945683189204695,0.82625,0.5150943396226415,0.5006644223954643,0.5498538270729979,1.0
vigitel,4,synthetic_only_internal_cv,Fixed_Anchor_medium_sep0.0_anchor0.5,XGBoost,0.453551912568306,0.83,0.415,0.5,0.5340627214741318,1.0
vigitel,4,synthetic_only_internal_cv,Fixed_Anchor_medium_sep0.0_anchor0.5,CatBoost,0.453551912568306,0.83,0.415,0.5,0.531737243090007,2.0
vigitel,4,synthetic_only_internal_cv,Fixed_Anchor_medium_sep0.0_anchor0.5,XGBoost,0.453551912568306,0.83,0.415,0.5,0.5376395287030474,2.0
vigitel,4,synthetic_only_internal_cv,Fixed_Anchor_medium_sep0.0_anchor0.5,CatBoost,0.453551912568306,0.83,0.415,0.5,0.5201098511693835,3.0
vigitel,4,synthetic_only_internal_cv,Fixed_Anchor_medium_sep0.0_anchor0.5,XGBoost,0.4531784005468216,0.82875,0.4148936170212766,0.4992469879518072,0.5228339829907866,3.0
vigitel,4,synthetic_only_internal_cv,Fixed_Anchor_medium_sep0.0_anchor0.5,CatBoost,0.4607347489046174,0.83,0.6654135338345865,0.5029234585400425,0.5108079376328845,4.0
vigitel,4,synthetic_only_internal_cv,Fixed_Anchor_medium_sep0.0_anchor0.5,XGBoost,0.453551912568306,0.83,0.415,0.5,0.5025026576895819,4.0
vigitel,4,synthetic_only_internal_cv,Fixed_Anchor_medium_sep0.0_anchor0.5,CatBoost,0.4528043775649795,0.8275,0.4142678347934919,0.49924585218702866,0.5258997478834319,5.0
vigitel,4,synthetic_only_internal_cv,Fixed_Anchor_medium_sep0.0_anchor0.5,XGBoost,0.4528043775649795,0.8275,0.4142678347934919,0.49924585218702866,0.504431306492277,5.0
vigitel,4,train_synthetic_test_real_cv,Fixed_Balanced_low_sep0.25_anchor0.25,CatBoost,0.4579844497607655,0.826,0.4983232729711603,0.49992912827781716,0.5962863217576188,
vigitel,4,train_synthetic_test_real_cv,Fixed_Balanced_low_sep0.25_anchor0.25,XGBoost,0.4642145135566188,0.828,0.5821596244131455,0.5034727143869596,0.6095464209780298,
vigitel,4,synthetic_only_internal_cv,Fixed_Balanced_low_sep0.25_anchor0.25,CatBoost,0.4531784005468216,0.82875,0.4148936170212766,0.4992469879518072,0.5526333274273565,1.0
vigitel,4,synthetic_only_internal_cv,Fixed_Balanced_low_sep0.25_anchor0.25,XGBoost,0.45945683189204695,0.82625,0.5150943396226415,0.5006644223954643,0.5270973600283487,1.0
vigitel,4,synthetic_only_internal_cv,Fixed_Balanced_low_sep0.25_anchor0.25,CatBoost,0.4531784005468216,0.82875,0.4148936170212766,0.4992469879518072,0.5961862154500354,2.0
vigitel,4,synthetic_only_internal_cv,Fixed_Balanced_low_sep0.25_anchor0.25,XGBoost,0.4531784005468216,0.82875,0.4148936170212766,0.4992469879518072,0.590593993621545,2.0
vigitel,4,synthetic_only_internal_cv,Fixed_Balanced_low_sep0.25_anchor0.25,CatBoost,0.46723443143316856,0.82875,0.6157232704402515,0.5050939050318923,0.6236822289156627,3.0
vigitel,4,synthetic_only_internal_cv,Fixed_Balanced_low_sep0.25_anchor0.25,XGBoost,0.46533949520085316,0.82375,0.5264082033993538,0.5020818568391212,0.6217664776754075,3.0
vigitel,4,synthetic_only_internal_cv,Fixed_Balanced_low_sep0.25_anchor0.25,CatBoost,0.46030854987467934,0.82875,0.581974069427018,0.5021704464918497,0.5990653791637137,4.0
vigitel,4,synthetic_only_internal_cv,Fixed_Balanced_low_sep0.25_anchor0.25,XGBoost,0.4607347489046174,0.83,0.6654135338345865,0.5029234585400425,0.5807605421686748,4.0
vigitel,4,synthetic_only_internal_cv,Fixed_Balanced_low_sep0.25_anchor0.25,CatBoost,0.4607347489046174,0.83,0.9148936170212766,0.5036496350364964,0.5869141592628068,5.0
vigitel,4,synthetic_only_internal_cv,Fixed_Balanced_low_sep0.25_anchor0.25,XGBoost,0.4681872571757789,0.83125,0.9154135338345865,0.5072992700729927,0.5715559665752882,5.0
vigitel,4,train_synthetic_test_real_cv,Fixed_Balanced_medium_sep0.5_anchor0.25,CatBoost,0.5241136308157383,0.807,0.5717772294169564,0.5282423812898653,0.6181998582565555,
vigitel,4,train_synthetic_test_real_cv,Fixed_Balanced_medium_sep0.5_anchor0.25,XGBoost,0.522156342643158,0.804,0.5641378361647982,0.5264351523742027,0.624649184975195,
vigitel,4,synthetic_only_internal_cv,Fixed_Balanced_medium_sep0.5_anchor0.25,CatBoost,0.5032586799383814,0.83625,0.807346537435033,0.5242292700212615,0.6837460134656272,1.0
vigitel,4,synthetic_only_internal_cv,Fixed_Balanced_medium_sep0.5_anchor0.25,XGBoost,0.5152614026891891,0.83625,0.7654676962173785,0.5300761871013466,0.6903127214741318,1.0
vigitel,4,synthetic_only_internal_cv,Fixed_Balanced_medium_sep0.5_anchor0.25,CatBoost,0.4820850541355062,0.81875,0.5477121099804569,0.5078401842664777,0.6253986534372785,2.0
vigitel,4,synthetic_only_internal_cv,Fixed_Balanced_medium_sep0.5_anchor0.25,XGBoost,0.48922870856122336,0.82125,0.5746681043196981,0.5122696669029058,0.6271704464918497,2.0
vigitel,4,synthetic_only_internal_cv,Fixed_Balanced_medium_sep0.5_anchor0.25,CatBoost,0.47606596447687843,0.83375,0.9165621079046424,0.5110294117647058,0.6410125797306875,3.0
vigitel,4,synthetic_only_internal_cv,Fixed_Balanced_medium_sep0.5_anchor0.25,XGBoost,0.4874790375157807,0.83,0.6670886075949367,0.5146172927002126,0.6309022856130403,3.0
vigitel,4,synthetic_only_internal_cv,Fixed_Balanced_medium_sep0.5_anchor0.25,CatBoost,0.5032586799383814,0.83625,0.807346537435033,0.5242292700212615,0.68926071934798,4.0
vigitel,4,synthetic_only_internal_cv,Fixed_Balanced_medium_sep0.5_anchor0.25,XGBoost,0.5093426221142276,0.83625,0.782521027768176,0.527152728561304,0.6812212083628633,4.0
vigitel,4,synthetic_only_internal_cv,Fixed_Balanced_medium_sep0.5_anchor0.25,CatBoost,0.4793788127776919,0.82625,0.6158227848101265,0.5100736532681573,0.6748466933095529,5.0
vigitel,4,synthetic_only_internal_cv,Fixed_Balanced_medium_sep0.5_anchor0.25,XGBoost,0.5063962815186541,0.83125,0.7036532170119956,0.5246721934141427,0.6550626988583194,5.0
vigitel,4,train_synthetic_test_real_cv,Fixed_Balanced_high_sep1.0_anchor0.5,CatBoost,0.5558163382815028,0.757,0.5578386260776269,0.554252303330971,0.6189652728561303,
vigitel,4,train_synthetic_test_real_cv,Fixed_Balanced_high_sep1.0_anchor0.5,XGBoost,0.5579069951333827,0.754,0.5587874897887735,0.5571226080793763,0.6236002834868887,
vigitel,4,synthetic_only_internal_cv,Fixed_Balanced_high_sep1.0_anchor0.5,CatBoost,0.5876562915669061,0.845,0.76953125,0.5733522324592488,0.7664555279943303,1.0
vigitel,4,synthetic_only_internal_cv,Fixed_Balanced_high_sep1.0_anchor0.5,XGBoost,0.5821337088558403,0.84375,0.7639372456898359,0.5696757618710135,0.762790131112686,1.0
vigitel,4,synthetic_only_internal_cv,Fixed_Balanced_high_sep1.0_anchor0.5,CatBoost,0.5303558230387498,0.82625,0.6443713940695022,0.5357459248759745,0.7745947023387668,2.0
vigitel,4,synthetic_only_internal_cv,Fixed_Balanced_high_sep1.0_anchor0.5,XGBoost,0.5534219046555766,0.83125,0.6800007901702817,0.5504518072289157,0.7755138199858258,2.0
vigitel,4,synthetic_only_internal_cv,Fixed_Balanced_high_sep1.0_anchor0.5,CatBoost,0.6624676029172443,0.86,0.799876593994241,0.6291637136782424,0.8013155563430192,3.0
vigitel,4,synthetic_only_internal_cv,Fixed_Balanced_high_sep1.0_anchor0.5,XGBoost,0.6593207707867561,0.86,0.804,0.6262402551381998,0.7943169737774628,3.0
vigitel,4,synthetic_only_internal_cv,Fixed_Balanced_high_sep1.0_anchor0.5,CatBoost,0.5850357507660878,0.8375,0.7131578947368421,0.5717576187101346,0.7785923104181431,4.0
vigitel,4,synthetic_only_internal_cv,Fixed_Balanced_high_sep1.0_anchor0.5,XGBoost,0.5733333333333333,0.83375,0.6936722935408874,0.5636516654854713,0.7817040219702338,4.0
vigitel,4,synthetic_only_internal_cv,Fixed_Balanced_high_sep1.0_anchor0.5,CatBoost,0.6257258441808624,0.85125,0.7865623822088201,0.6004392773392344,0.7932754235888627,5.0
vigitel,4,synthetic_only_internal_cv,Fixed_Balanced_high_sep1.0_anchor0.5,XGBoost,0.6342162773756568,0.8525,0.786019131714496,0.6069843995992558,0.7881670354834804,5.0
vigitel,5,train_real_test_real_cv,Real,CatBoost,0.46348622947988993,0.826,0.5577614731693281,0.5028322716723453,0.6935855924491566,
vigitel,5,train_real_test_real_cv,Real,XGBoost,0.4583170254403131,0.827,0.5396586345381527,0.5011145676817698,0.6881256216536517,
vigitel,5,train_synthetic_test_real_cv,Standard_CTGAN,CatBoost,0.45325314379442316,0.829,0.4145,0.5,0.4280715862837633,
vigitel,5,train_synthetic_test_real_cv,Standard_CTGAN,XGBoost,0.45325314379442316,0.829,0.4145,0.5,0.4697832236401216,
vigitel,5,synthetic_only_internal_cv,Standard_CTGAN,CatBoost,0.47540983606557374,0.90625,0.453125,0.5,0.5157149425287356,1.0
vigitel,5,synthetic_only_internal_cv,Standard_CTGAN,XGBoost,0.47540983606557374,0.90625,0.453125,0.5,0.5096459770114943,1.0
vigitel,5,synthetic_only_internal_cv,Standard_CTGAN,CatBoost,0.47540983606557374,0.90625,0.453125,0.5,0.5069609195402298,2.0
vigitel,5,synthetic_only_internal_cv,Standard_CTGAN,XGBoost,0.47540983606557374,0.90625,0.453125,0.5,0.49497011494252874,2.0
vigitel,5,synthetic_only_internal_cv,Standard_CTGAN,CatBoost,0.47506561679790027,0.905,0.4525,0.5,0.5503598429776098,3.0
vigitel,5,synthetic_only_internal_cv,Standard_CTGAN,XGBoost,0.47506561679790027,0.905,0.4525,0.5,0.5795289328293108,3.0
vigitel,5,synthetic_only_internal_cv,Standard_CTGAN,CatBoost,0.4747209455022981,0.90375,0.4524405506883605,0.4993093922651934,0.5266065716778134,4.0
vigitel,5,synthetic_only_internal_cv,Standard_CTGAN,XGBoost,0.4743758212877792,0.9025,0.4523809523809524,0.4986187845303867,0.5476155859261413,4.0
vigitel,5,synthetic_only_internal_cv,Standard_CTGAN,CatBoost,0.47506561679790027,0.905,0.4525,0.5,0.549869148008142,5.0
vigitel,5,synthetic_only_internal_cv,Standard_CTGAN,XGBoost,0.47506561679790027,0.905,0.4525,0.5,0.5223357080546671,5.0
vigitel,5,train_synthetic_test_real_cv,SepAware_VariedGrid_Best,CatBoost,0.5838467250369234,0.796,0.6048145418816016,0.575250954084044,0.6847395932533384,
vigitel,5,train_synthetic_test_real_cv,SepAware_VariedGrid_Best,XGBoost,0.6024792315680165,0.804,0.6257997696276292,0.591680246051397,0.6912153725689374,
vigitel,5,synthetic_only_internal_cv,SepAware_VariedGrid_Best,CatBoost,0.6600518420940806,0.85,0.745892164148295,0.6319099929128278,0.8127657689581856,1.0
vigitel,5,synthetic_only_internal_cv,SepAware_VariedGrid_Best,XGBoost,0.6532004397418424,0.84375,0.7235746440232617,0.6281449326718639,0.797982370659107,1.0
vigitel,5,synthetic_only_internal_cv,SepAware_VariedGrid_Best,CatBoost,0.7094407086261553,0.87125,0.8144712997088228,0.6710223245924876,0.8482902197023388,2.0
vigitel,5,synthetic_only_internal_cv,SepAware_VariedGrid_Best,XGBoost,0.6950782411049917,0.86375,0.7876345684886694,0.660657335223246,0.8517562898653438,2.0
vigitel,5,synthetic_only_internal_cv,SepAware_VariedGrid_Best,CatBoost,0.7067061635699726,0.875,0.845199367971001,0.6645109851169384,0.8521549433026223,3.0
vigitel,5,synthetic_only_internal_cv,SepAware_VariedGrid_Best,XGBoost,0.700840286841372,0.8725,0.8359048238683893,0.6600815024805102,0.8526975549255846,3.0
vigitel,5,synthetic_only_internal_cv,SepAware_VariedGrid_Best,CatBoost,0.7223756710434992,0.8775,0.8367186854925275,0.6806343019135365,0.8179482636428066,4.0
vigitel,5,synthetic_only_internal_cv,SepAware_VariedGrid_Best,XGBoost,0.6920419904907561,0.86125,0.777671516064839,0.6591513111268604,0.8090671509567683,4.0
vigitel,5,synthetic_only_internal_cv,SepAware_VariedGrid_Best,CatBoost,0.6782935571291197,0.85625,0.7638434544697555,0.6473688873139617,0.7911609673990079,5.0
vigitel,5,synthetic_only_internal_cv,SepAware_VariedGrid_Best,XGBoost,0.6850132625994695,0.8575,0.7652625152625152,0.6539688164422395,0.7832100460666195,5.0
vigitel,5,train_synthetic_test_real_cv,Fixed_Realism_only_sep0.0_anchor0.0,CatBoost,0.4517543859649123,0.824,0.414070351758794,0.4969843184559711,0.5878074760685388,
vigitel,5,train_synthetic_test_real_cv,Fixed_Realism_only_sep0.0_anchor0.0,XGBoost,0.45765191169953295,0.825,0.49782025486250836,0.49990829506415824,0.6006391128605592,
vigitel,5,synthetic_only_internal_cv,Fixed_Realism_only_sep0.0_anchor0.0,CatBoost,0.503968253968254,0.8375,0.8560606060606061,0.5249822820694543,0.6318656980864634,1.0
vigitel,5,synthetic_only_internal_cv,Fixed_Realism_only_sep0.0_anchor0.0,XGBoost,0.49501611049348987,0.8325,0.7177215189873418,0.5190467753366407,0.6337703756201276,1.0
vigitel,5,synthetic_only_internal_cv,Fixed_Realism_only_sep0.0_anchor0.0,CatBoost,0.4755381604696673,0.8325,0.7914572864321607,0.5102763997165131,0.6429061835577604,2.0
vigitel,5,synthetic_only_internal_cv,Fixed_Realism_only_sep0.0_anchor0.0,XGBoost,0.47448752873896327,0.83,0.6662468513853904,0.5087703756201276,0.6280452693125443,2.0
vigitel,5,synthetic_only_internal_cv,Fixed_Realism_only_sep0.0_anchor0.0,CatBoost,0.4607347489046174,0.83,0.6654135338345865,0.5029234585400425,0.5824326718639262,3.0
vigitel,5,synthetic_only_internal_cv,Fixed_Realism_only_sep0.0_anchor0.0,XGBoost,0.46723443143316856,0.82875,0.6157232704402515,0.5050939050318923,0.5926094082211197,3.0
vigitel,5,synthetic_only_internal_cv,Fixed_Realism_only_sep0.0_anchor0.0,CatBoost,0.4755381604696673,0.8325,0.7914572864321607,0.5102763997165131,0.6323307937632885,4.0
vigitel,5,synthetic_only_internal_cv,Fixed_Realism_only_sep0.0_anchor0.0,XGBoost,0.4822156533163315,0.8325,0.7502099076406381,0.5131998582565556,0.6247895995747696,4.0
vigitel,5,synthetic_only_internal_cv,Fixed_Realism_only_sep0.0_anchor0.0,CatBoost,0.4810744810744811,0.83,0.6666666666666667,0.5116938341601701,0.6607237774627924,5.0
vigitel,5,synthetic_only_internal_cv,Fixed_Realism_only_sep0.0_anchor0.0,XGBoost,0.4734432234432234,0.8275,0.6035353535353536,0.507264351523742,0.6274472891566264,5.0
vigitel,5,train_synthetic_test_real_cv,Fixed_Sep_low_sep0.25_anchor0.0,CatBoost,0.4955100393502169,0.82,0.5834189791024323,0.51545933591518,0.6556197490106448,
vigitel,5,train_synthetic_test_real_cv,Fixed_Sep_low_sep0.25_anchor0.0,XGBoost,0.4933864910406502,0.816,0.5615699590532308,0.5130467906799568,0.6747084841174105,
vigitel,5,synthetic_only_internal_cv,Fixed_Sep_low_sep0.25_anchor0.0,CatBoost,0.4937085846176755,0.83,0.6675126903553299,0.5175407512402551,0.7119728915662651,1.0
vigitel,5,synthetic_only_internal_cv,Fixed_Sep_low_sep0.25_anchor0.0,XGBoost,0.5028055969884225,0.825,0.617948717948718,0.5203756201275691,0.6858389440113395,1.0
vigitel,5,synthetic_only_internal_cv,Fixed_Sep_low_sep0.25_anchor0.0,CatBoost,0.5144827586206897,0.835,0.7406397673573246,0.5293231750531538,0.651377569099929,2.0
vigitel,5,synthetic_only_internal_cv,Fixed_Sep_low_sep0.25_anchor0.0,XGBoost,0.5121752916785235,0.83125,0.6836075426339119,0.5270641389085755,0.6315667080085046,2.0
vigitel,5,synthetic_only_internal_cv,Fixed_Sep_low_sep0.25_anchor0.0,CatBoost,0.49633699633699635,0.835,0.7929292929292929,0.5205527994330262,0.7149517186392629,3.0
vigitel,5,synthetic_only_internal_cv,Fixed_Sep_low_sep0.25_anchor0.0,XGBoost,0.4943607174459598,0.83125,0.6903445097361447,0.5182937632884479,0.6830594436569808,3.0
vigitel,5,synthetic_only_internal_cv,Fixed_Sep_low_sep0.25_anchor0.0,CatBoost,0.49241379310344824,0.8275,0.6315885132679026,0.5160347271438696,0.6362398121899362,4.0
vigitel,5,synthetic_only_internal_cv,Fixed_Sep_low_sep0.25_anchor0.0,XGBoost,0.4911311427740622,0.825,0.6045918367346939,0.5145287030474841,0.6272258150248051,4.0
vigitel,5,synthetic_only_internal_cv,Fixed_Sep_low_sep0.25_anchor0.0,CatBoost,0.5078608134172684,0.83375,0.7263708337405923,0.5256467044649185,0.638886428065202,5.0
vigitel,5,synthetic_only_internal_cv,Fixed_Sep_low_sep0.25_anchor0.0,XGBoost,0.4937085846176755,0.83,0.6675126903553299,0.5175407512402551,0.6359518958185684,5.0
vigitel,5,train_synthetic_test_real_cv,Fixed_Sep_medium_sep0.5_anchor0.0,CatBoost,0.5359848484848485,0.804,0.579398807577951,0.5359800788662448,0.6777770723551944,
vigitel,5,train_synthetic_test_real_cv,Fixed_Sep_medium_sep0.5_anchor0.0,XGBoost,0.5305436981541172,0.806,0.5781538513662313,0.5325446708850937,0.6832158804731975,
vigitel,5,synthetic_only_internal_cv,Fixed_Sep_medium_sep0.5_anchor0.0,CatBoost,0.5667305916613397,0.8475,0.8487179487179487,0.5602409638554218,0.7623361091424521,1.0
vigitel,5,synthetic_only_internal_cv,Fixed_Sep_medium_sep0.5_anchor0.0,XGBoost,0.5879050121052902,0.85,0.8295567481613993,0.5734408221119773,0.7644290396881646,1.0
vigitel,5,synthetic_only_internal_cv,Fixed_Sep_medium_sep0.5_anchor0.0,CatBoost,0.5907660450402891,0.84375,0.7547152194211018,0.5755226789510985,0.7201563607370659,2.0
vigitel,5,synthetic_only_internal_cv,Fixed_Sep_medium_sep0.5_anchor0.0,XGBoost,0.5776705584815783,0.83875,0.7248366013071895,0.5666637136782424,0.7075323352232461,2.0
vigitel,5,synthetic_only_internal_cv,Fixed_Sep_medium_sep0.5_anchor0.0,CatBoost,0.6142591114658154,0.855,0.8346354166666667,0.5910701630049611,0.7242314847625797,3.0
vigitel,5,synthetic_only_internal_cv,Fixed_Sep_medium_sep0.5_anchor0.0,XGBoost,0.6066482887588464,0.8475,0.769926785467606,0.5865520907158044,0.7162805634301913,3.0
vigitel,5,synthetic_only_internal_cv,Fixed_Sep_medium_sep0.5_anchor0.0,CatBoost,0.5730710281730429,0.84375,0.7761726797949308,0.5638288447909284,0.757729447200567,4.0
vigitel,5,synthetic_only_internal_cv,Fixed_Sep_medium_sep0.5_anchor0.0,XGBoost,0.5457475739761176,0.83375,0.6995112835992525,0.5461109142452162,0.743854092841956,4.0
vigitel,5,synthetic_only_internal_cv,Fixed_Sep_medium_sep0.5_anchor0.0,CatBoost,0.578775732047014,0.845,0.7820133234641007,0.5675053153791637,0.7450611268603827,5.0
vigitel,5,synthetic_only_internal_cv,Fixed_Sep_medium_sep0.5_anchor0.0,XGBoost,0.5614621955377915,0.84125,0.7632258064516129,0.5564759036144578,0.7281737243090007,5.0
vigitel,5,train_synthetic_test_real_cv,Fixed_Sep_high_sep1.0_anchor0.0,CatBoost,0.5795846296140587,0.785,0.5918213969938108,0.573258135285943,0.6850781960933696,
vigitel,5,train_synthetic_test_real_cv,Fixed_Sep_high_sep1.0_anchor0.0,XGBoost,0.5935362540378963,0.791,0.6066017316017316,0.5861603143363031,0.6941993100967135,
vigitel,5,synthetic_only_internal_cv,Fixed_Sep_high_sep1.0_anchor0.0,CatBoost,0.6639304245149131,0.86125,0.8071284588601796,0.6299167257264351,0.8006068391211906,1.0
vigitel,5,synthetic_only_internal_cv,Fixed_Sep_high_sep1.0_anchor0.0,XGBoost,0.6532372131222339,0.8575,0.7933333333333333,0.6218107725017717,0.784860028348689,1.0
vigitel,5,synthetic_only_internal_cv,Fixed_Sep_high_sep1.0_anchor0.0,CatBoost,0.7002838657617545,0.87,0.8187341550834863,0.6614989369241673,0.8067416725726434,2.0
vigitel,5,synthetic_only_internal_cv,Fixed_Sep_high_sep1.0_anchor0.0,XGBoost,0.6883808552529073,0.8625,0.7871769465774916,0.6540574060949681,0.8025004429482636,2.0
vigitel,5,synthetic_only_internal_cv,Fixed_Sep_high_sep1.0_anchor0.0,CatBoost,0.7376503485653635,0.88375,0.8551953737451895,0.693169737774628,0.8418342487597449,3.0
vigitel,5,synthetic_only_internal_cv,Fixed_Sep_high_sep1.0_anchor0.0,XGBoost,0.7259552042160737,0.87,0.7907688214950785,0.693656980864635,0.832067239546421,3.0
vigitel,5,synthetic_only_internal_cv,Fixed_Sep_high_sep1.0_anchor0.0,CatBoost,0.677491601343785,0.865,0.8159567073776189,0.640946137491141,0.8242381289865344,4.0
vigitel,5,synthetic_only_internal_cv,Fixed_Sep_high_sep1.0_anchor0.0,XGBoost,0.6891085333841709,0.8675,0.8173157356631657,0.6512225372076541,0.8106839121190644,4.0
vigitel,5,synthetic_only_internal_cv,Fixed_Sep_high_sep1.0_anchor0.0,CatBoost,0.7126436781609196,0.87,0.8034188034188035,0.6761162296243799,0.8389883061658399,5.0
vigitel,5,synthetic_only_internal_cv,Fixed_Sep_high_sep1.0_anchor0.0,XGBoost,0.7094895512161699,0.8675,0.7935001116819299,0.6746102055279943,0.83567726789511,5.0
vigitel,5,train_synthetic_test_real_cv,Fixed_Anchor_low_sep0.0_anchor0.25,CatBoost,0.46348622947988993,0.826,0.5577614731693281,0.5028322716723453,0.5874759274543415,
vigitel,5,train_synthetic_test_real_cv,Fixed_Anchor_low_sep0.0_anchor0.25,XGBoost,0.46203411549946205,0.822,0.5054692526886663,0.5004197264371222,0.5899237438187346,
vigitel,5,synthetic_only_internal_cv,Fixed_Anchor_low_sep0.0_anchor0.25,CatBoost,0.47606596447687843,0.83375,0.9165621079046424,0.5110294117647058,0.6552312189936215,1.0
vigitel,5,synthetic_only_internal_cv,Fixed_Anchor_low_sep0.0_anchor0.25,XGBoost,0.4750120309742901,0.83125,0.7163522012578616,0.5095233876683203,0.6456303153791637,1.0
vigitel,5,synthetic_only_internal_cv,Fixed_Anchor_low_sep0.0_anchor0.25,CatBoost,0.49633699633699635,0.835,0.7929292929292929,0.5205527994330262,0.6218550673281361,2.0
vigitel,5,synthetic_only_internal_cv,Fixed_Anchor_low_sep0.0_anchor0.25,XGBoost,0.5004602241453476,0.83125,0.6872739712638061,0.5212172218284904,0.6332720588235294,2.0
vigitel,5,synthetic_only_internal_cv,Fixed_Anchor_low_sep0.0_anchor0.25,CatBoost,0.48050716909586444,0.82875,0.6387835370136254,0.5109408221119773,0.6177135010630759,3.0
vigitel,5,synthetic_only_internal_cv,Fixed_Anchor_low_sep0.0_anchor0.25,XGBoost,0.485659045601506,0.82625,0.6090802463102336,0.5123582565556343,0.6132618710134656,3.0
vigitel,5,synthetic_only_internal_cv,Fixed_Anchor_low_sep0.0_anchor0.25,CatBoost,0.497002654174926,0.83625,0.8466042154566744,0.521305811481219,0.6289200921332389,4.0
vigitel,5,synthetic_only_internal_cv,Fixed_Anchor_low_sep0.0_anchor0.25,XGBoost,0.5018516697800937,0.83375,0.7364327687521603,0.522723245924876,0.6125199326718639,4.0
vigitel,5,synthetic_only_internal_cv,Fixed_Anchor_low_sep0.0_anchor0.25,CatBoost,0.48050716909586444,0.82875,0.6387835370136254,0.5109408221119773,0.6047572643515237,5.0
vigitel,5,synthetic_only_internal_cv,Fixed_Anchor_low_sep0.0_anchor0.25,XGBoost,0.4739646078012585,0.82875,0.6304269500990812,0.5080173635719348,0.5973489546420978,5.0
vigitel,5,train_synthetic_test_real_cv,Fixed_Anchor_medium_sep0.0_anchor0.5,CatBoost,0.48624858718361474,0.82,0.5682435138623114,0.5108176553164173,0.6001100459230101,
vigitel,5,train_synthetic_test_real_cv,Fixed_Anchor_medium_sep0.0_anchor0.5,XGBoost,0.466904921450376,0.821,0.5219501593740944,0.5021374304276978,0.5887739050077949,
vigitel,5,synthetic_only_internal_cv,Fixed_Anchor_medium_sep0.0_anchor0.5,CatBoost,0.4827896305154118,0.83375,0.8169811320754717,0.5139528703047483,0.6545667965981573,1.0
vigitel,5,synthetic_only_internal_cv,Fixed_Anchor_medium_sep0.0_anchor0.5,XGBoost,0.46723443143316856,0.82875,0.6157232704402515,0.5050939050318923,0.6294737774627923,1.0
vigitel,5,synthetic_only_internal_cv,Fixed_Anchor_medium_sep0.0_anchor0.5,CatBoost,0.49501611049348987,0.8325,0.7177215189873418,0.5190467753366407,0.6311016123316797,2.0
vigitel,5,synthetic_only_internal_cv,Fixed_Anchor_medium_sep0.0_anchor0.5,XGBoost,0.48686976511182584,0.82875,0.644256250720129,0.5138642806520198,0.6307251063075833,2.0
vigitel,5,synthetic_only_internal_cv,Fixed_Anchor_medium_sep0.0_anchor0.5,CatBoost,0.497002654174926,0.83625,0.8466042154566744,0.521305811481219,0.6586640680368533,3.0
vigitel,5,synthetic_only_internal_cv,Fixed_Anchor_medium_sep0.0_anchor0.5,XGBoost,0.49501611049348987,0.8325,0.7177215189873418,0.5190467753366407,0.6450101878100637,3.0
vigitel,5,synthetic_only_internal_cv,Fixed_Anchor_medium_sep0.0_anchor0.5,CatBoost,0.46675940416159506,0.8275,0.5822837951301427,0.5043408929836996,0.6470034549964563,4.0
vigitel,5,synthetic_only_internal_cv,Fixed_Anchor_medium_sep0.0_anchor0.5,XGBoost,0.47770114942528735,0.8225,0.5588876772082879,0.5071757618710134,0.6281338589652729,4.0
vigitel,5,synthetic_only_internal_cv,Fixed_Anchor_medium_sep0.0_anchor0.5,CatBoost,0.5071264367816092,0.8325,0.7042893493275173,0.5248936924167257,0.6633039510985117,5.0
vigitel,5,synthetic_only_internal_cv,Fixed_Anchor_medium_sep0.0_anchor0.5,XGBoost,0.5004602241453476,0.83125,0.6872739712638061,0.5212172218284904,0.6405031892274982,5.0
vigitel,5,train_synthetic_test_real_cv,Fixed_Balanced_low_sep0.25_anchor0.25,CatBoost,0.5075277895033066,0.818,0.5890451517394523,0.5212155841957125,0.6756537503791648,
vigitel,5,train_synthetic_test_real_cv,Fixed_Balanced_low_sep0.25_anchor0.25,XGBoost,0.5093073318981892,0.814,0.5761591088277932,0.5211238792598706,0.6712095881037535,
vigitel,5,synthetic_only_internal_cv,Fixed_Balanced_low_sep0.25_anchor0.25,CatBoost,0.5004602241453476,0.83125,0.6872739712638061,0.5212172218284904,0.6768803153791636,1.0
vigitel,5,synthetic_only_internal_cv,Fixed_Balanced_low_sep0.25_anchor0.25,XGBoost,0.49977011494252876,0.83,0.66793893129771,0.5204642097802976,0.66432273210489,1.0
vigitel,5,synthetic_only_internal_cv,Fixed_Balanced_low_sep0.25_anchor0.25,CatBoost,0.5152614026891891,0.83625,0.7654676962173785,0.5300761871013466,0.6792722360028348,2.0
vigitel,5,synthetic_only_internal_cv,Fixed_Balanced_low_sep0.25_anchor0.25,XGBoost,0.5356124983087391,0.83375,0.7034581165015947,0.5402639971651311,0.6605465981573353,2.0
vigitel,5,synthetic_only_internal_cv,Fixed_Balanced_low_sep0.25_anchor0.25,CatBoost,0.5085995085995085,0.835,0.7521150592216581,0.5263997165131112,0.6789289510985118,3.0
vigitel,5,synthetic_only_internal_cv,Fixed_Balanced_low_sep0.25_anchor0.25,XGBoost,0.49977011494252876,0.83,0.66793893129771,0.5204642097802976,0.6674455173635719,3.0
vigitel,5,synthetic_only_internal_cv,Fixed_Balanced_low_sep0.25_anchor0.25,CatBoost,0.5018516697800937,0.83375,0.7364327687521603,0.522723245924876,0.6693723423104181,4.0
vigitel,5,synthetic_only_internal_cv,Fixed_Balanced_low_sep0.25_anchor0.25,XGBoost,0.5129398080837453,0.8325,0.7002551020408163,0.5278171509567683,0.6665263997165132,4.0
vigitel,5,synthetic_only_internal_cv,Fixed_Balanced_low_sep0.25_anchor0.25,CatBoost,0.4810744810744811,0.83,0.6666666666666667,0.5116938341601701,0.6570473068745569,5.0
vigitel,5,synthetic_only_internal_cv,Fixed_Balanced_low_sep0.25_anchor0.25,XGBoost,0.4724048915603626,0.825,0.5658227848101266,0.5057583274273565,0.6458739369241673,5.0
vigitel,5,train_synthetic_test_real_cv,Fixed_Balanced_medium_sep0.5_anchor0.25,CatBoost,0.535787117977048,0.799,0.5712292093871041,0.5352852376215972,0.6838789777015921,
vigitel,5,train_synthetic_test_real_cv,Fixed_Balanced_medium_sep0.5_anchor0.25,XGBoost,0.5498082804228697,0.797,0.5806917862838915,0.5456831665008923,0.6858612151609421,
vigitel,5,synthetic_only_internal_cv,Fixed_Balanced_medium_sep0.5_anchor0.25,CatBoost,0.5844155844155844,0.84625,0.7874904959971376,0.571181785967399,0.7129252303330971,1.0
vigitel,5,synthetic_only_internal_cv,Fixed_Balanced_medium_sep0.5_anchor0.25,XGBoost,0.5732698200042177,0.83875,0.7274110070720241,0.5637402551381998,0.703922306874557,1.0
vigitel,5,synthetic_only_internal_cv,Fixed_Balanced_medium_sep0.5_anchor0.25,CatBoost,0.6017636182619827,0.8425,0.7369644427691922,0.5835400425230333,0.7366118887313962,2.0
vigitel,5,synthetic_only_internal_cv,Fixed_Balanced_medium_sep0.5_anchor0.25,XGBoost,0.5891211934449028,0.8375,0.7118356577459479,0.5746810772501771,0.7208872253720766,2.0
vigitel,5,synthetic_only_internal_cv,Fixed_Balanced_medium_sep0.5_anchor0.25,CatBoost,0.5435313119963483,0.8375,0.7397756485160084,0.5454464918497519,0.745127569099929,3.0
vigitel,5,synthetic_only_internal_cv,Fixed_Balanced_medium_sep0.5_anchor0.25,XGBoost,0.560037876438457,0.83375,0.6958041958041958,0.5548812898653438,0.7253388554216869,3.0
vigitel,5,synthetic_only_internal_cv,Fixed_Balanced_medium_sep0.5_anchor0.25,CatBoost,0.5505539071964045,0.84,0.763145594765132,0.54987597448618,0.7237774627923459,4.0
vigitel,5,synthetic_only_internal_cv,Fixed_Balanced_medium_sep0.5_anchor0.25,XGBoost,0.5457475739761176,0.83375,0.6995112835992525,0.5461109142452162,0.6978096208362863,4.0
vigitel,5,synthetic_only_internal_cv,Fixed_Balanced_medium_sep0.5_anchor0.25,CatBoost,0.6195816224843801,0.85625,0.8380348465094227,0.5947466335931963,0.7637867647058824,5.0
vigitel,5,synthetic_only_internal_cv,Fixed_Balanced_medium_sep0.5_anchor0.25,XGBoost,0.5888195695141468,0.84625,0.780716473006418,0.5741052445074416,0.7499667788802268,5.0
vigitel,5,train_synthetic_test_real_cv,Fixed_Balanced_high_sep1.0_anchor0.5,CatBoost,0.5838467250369234,0.796,0.6048145418816016,0.575250954084044,0.6847395932533384,
vigitel,5,train_synthetic_test_real_cv,Fixed_Balanced_high_sep1.0_anchor0.5,XGBoost,0.6024792315680165,0.804,0.6257997696276292,0.591680246051397,0.6912153725689374,
vigitel,5,synthetic_only_internal_cv,Fixed_Balanced_high_sep1.0_anchor0.5,CatBoost,0.6600518420940806,0.85,0.745892164148295,0.6319099929128278,0.8127657689581856,1.0
vigitel,5,synthetic_only_internal_cv,Fixed_Balanced_high_sep1.0_anchor0.5,XGBoost,0.6532004397418424,0.84375,0.7235746440232617,0.6281449326718639,0.797982370659107,1.0
vigitel,5,synthetic_only_internal_cv,Fixed_Balanced_high_sep1.0_anchor0.5,CatBoost,0.7094407086261553,0.87125,0.8144712997088228,0.6710223245924876,0.8482902197023388,2.0
vigitel,5,synthetic_only_internal_cv,Fixed_Balanced_high_sep1.0_anchor0.5,XGBoost,0.6950782411049917,0.86375,0.7876345684886694,0.660657335223246,0.8517562898653438,2.0
vigitel,5,synthetic_only_internal_cv,Fixed_Balanced_high_sep1.0_anchor0.5,CatBoost,0.7067061635699726,0.875,0.845199367971001,0.6645109851169384,0.8521549433026223,3.0
vigitel,5,synthetic_only_internal_cv,Fixed_Balanced_high_sep1.0_anchor0.5,XGBoost,0.700840286841372,0.8725,0.8359048238683893,0.6600815024805102,0.8526975549255846,3.0
vigitel,5,synthetic_only_internal_cv,Fixed_Balanced_high_sep1.0_anchor0.5,CatBoost,0.7223756710434992,0.8775,0.8367186854925275,0.6806343019135365,0.8179482636428066,4.0
vigitel,5,synthetic_only_internal_cv,Fixed_Balanced_high_sep1.0_anchor0.5,XGBoost,0.6920419904907561,0.86125,0.777671516064839,0.6591513111268604,0.8090671509567683,4.0
vigitel,5,synthetic_only_internal_cv,Fixed_Balanced_high_sep1.0_anchor0.5,CatBoost,0.6782935571291197,0.85625,0.7638434544697555,0.6473688873139617,0.7911609673990079,5.0
vigitel,5,synthetic_only_internal_cv,Fixed_Balanced_high_sep1.0_anchor0.5,XGBoost,0.6850132625994695,0.8575,0.7652625152625152,0.6539688164422395,0.7832100460666195,5.0
